"Id","Dx","Hx","Ht"
"Tree_1",17.3,0.5,15
"Tree_1",16.5,1.3,15
"Tree_1",15.7,1.5,15
"Tree_1",14.8,2.5,15
"Tree_1",14,3.5,15
"Tree_1",12.6,4.5,15
"Tree_1",12,5.5,15
"Tree_1",10.7,6.5,15
"Tree_1",9.6,7.5,15
"Tree_1",8.5,8.5,15
"Tree_1",7.3,9.5,15
"Tree_1",6.9,10.5,15
"Tree_1",0,15,15
"Tree_2",21.1,0.5,16.4
"Tree_2",20.3,1.3,16.4
"Tree_2",19.3,1.5,16.4
"Tree_2",18.3,2.5,16.4
"Tree_2",17.3,3.5,16.4
"Tree_2",16.4,4.5,16.4
"Tree_2",14.8,5.5,16.4
"Tree_2",13.9,6.5,16.4
"Tree_2",12.3,7.5,16.4
"Tree_2",11.6,8.5,16.4
"Tree_2",10,9.5,16.4
"Tree_2",9.3,10.5,16.4
"Tree_2",8.5,11.5,16.4
"Tree_2",0,16.4,16.4
"Tree_3",19.1,0.5,16.5
"Tree_3",18.4,1.3,16.5
"Tree_3",17.5,1.5,16.5
"Tree_3",17.1,2.5,16.5
"Tree_3",16.9,3.5,16.5
"Tree_3",15.5,4.5,16.5
"Tree_3",14.8,5.5,16.5
"Tree_3",13.7,6.5,16.5
"Tree_3",13.1,7.5,16.5
"Tree_3",11.5,8.5,16.5
"Tree_3",10.5,9.5,16.5
"Tree_3",9.5,10.5,16.5
"Tree_3",7.9,11.5,16.5
"Tree_3",6.8,12.5,16.5
"Tree_3",0,16.5,16.5
"Tree_4",21.5,0.5,17.2
"Tree_4",20.7,1.3,17.2
"Tree_4",19.8,1.5,17.2
"Tree_4",18.6,2.5,17.2
"Tree_4",17.8,3.5,17.2
"Tree_4",16.5,4.5,17.2
"Tree_4",15.3,5.5,17.2
"Tree_4",14.3,6.5,17.2
"Tree_4",13.3,7.5,17.2
"Tree_4",12.5,8.5,17.2
"Tree_4",11.2,9.5,17.2
"Tree_4",10.4,10.5,17.2
"Tree_4",9.1,11.5,17.2
"Tree_4",8.3,12.5,17.2
"Tree_4",7,13.5,17.2
"Tree_4",5.6,14.5,17.2
"Tree_4",0,17.2,17.2
"Tree_5",29.6,0.5,15.8
"Tree_5",28.9,1.3,15.8
"Tree_5",26.5,1.5,15.8
"Tree_5",25.6,2.5,15.8
"Tree_5",24.1,3.5,15.8
"Tree_5",23.1,4.5,15.8
"Tree_5",21.5,5.5,15.8
"Tree_5",19.9,6.5,15.8
"Tree_5",17.9,7.5,15.8
"Tree_5",15.9,8.5,15.8
"Tree_5",14.1,9.5,15.8
"Tree_5",12.2,10.5,15.8
"Tree_5",10.9,11.5,15.8
"Tree_5",8.4,12.5,15.8
"Tree_5",6.4,13.5,15.8
"Tree_5",0,15.8,15.8
"Tree_6",39.4,0.5,21.6
"Tree_6",39.3,1.3,21.6
"Tree_6",38.3,1.5,21.6
"Tree_6",36.7,2.5,21.6
"Tree_6",35.8,3.5,21.6
"Tree_6",34.3,4.5,21.6
"Tree_6",32.9,5.5,21.6
"Tree_6",31.6,6.5,21.6
"Tree_6",30.3,7.5,21.6
"Tree_6",29.3,8.5,21.6
"Tree_6",28.2,9.5,21.6
"Tree_6",26.2,10.5,21.6
"Tree_6",24.7,11.5,21.6
"Tree_6",22.4,12.5,21.6
"Tree_6",21.4,13.5,21.6
"Tree_6",19.5,14.5,21.6
"Tree_6",18.2,15.5,21.6
"Tree_6",16.2,16.5,21.6
"Tree_6",14.7,17.5,21.6
"Tree_6",12.4,18.5,21.6
"Tree_6",9.2,19.5,21.6
"Tree_6",0,21.6,21.6
"Tree_7",21.4,0.5,15.2
"Tree_7",20.9,1.3,15.2
"Tree_7",20.2,1.5,15.2
"Tree_7",18.7,2.5,15.2
"Tree_7",17.9,3.5,15.2
"Tree_7",16.3,4.5,15.2
"Tree_7",15.6,5.5,15.2
"Tree_7",14.3,6.5,15.2
"Tree_7",12.4,7.5,15.2
"Tree_7",10.9,8.5,15.2
"Tree_7",9.8,9.5,15.2
"Tree_7",9,10.5,15.2
"Tree_7",7.8,11.5,15.2
"Tree_7",5,12.5,15.2
"Tree_7",0,15.2,15.2
"Tree_8",26.2,0.5,18
"Tree_8",26,1.3,18
"Tree_8",24,1.5,18
"Tree_8",23.7,2.5,18
"Tree_8",23,3.5,18
"Tree_8",21.2,4.5,18
"Tree_8",20.1,5.5,18
"Tree_8",18.6,6.5,18
"Tree_8",18.2,7.5,18
"Tree_8",16.7,8.5,18
"Tree_8",15.4,9.5,18
"Tree_8",15,10.5,18
"Tree_8",14.3,11.5,18
"Tree_8",12.1,12.5,18
"Tree_8",11.1,13.5,18
"Tree_8",9.6,14.5,18
"Tree_8",7.8,15.5,18
"Tree_8",0,18,18
"Tree_9",27.7,0.5,17
"Tree_9",26.6,1.3,17
"Tree_9",24.5,1.5,17
"Tree_9",23.5,2.5,17
"Tree_9",23.5,3.5,17
"Tree_9",22.3,4.5,17
"Tree_9",22.2,5.5,17
"Tree_9",21.2,6.5,17
"Tree_9",19.5,7.5,17
"Tree_9",18.6,8.5,17
"Tree_9",15.2,9.5,17
"Tree_9",14.4,10.5,17
"Tree_9",13.6,11.5,17
"Tree_9",12.8,12.5,17
"Tree_9",9.3,13.5,17
"Tree_9",0,17,17
"Tree_10",27.4,0.5,19.6
"Tree_10",26.3,1.3,19.6
"Tree_10",24.3,1.5,19.6
"Tree_10",22.9,2.5,19.6
"Tree_10",21.5,3.5,19.6
"Tree_10",20.9,4.5,19.6
"Tree_10",19.4,5.5,19.6
"Tree_10",17.4,6.5,19.6
"Tree_10",16.1,7.5,19.6
"Tree_10",13.7,8.5,19.6
"Tree_10",11.9,9.5,19.6
"Tree_10",11.6,10.5,19.6
"Tree_10",10.2,11.5,19.6
"Tree_10",9.4,12.5,19.6
"Tree_10",8.6,13.5,19.6
"Tree_10",0,19.6,19.6
"Tree_11",27.4,0.5,17.2
"Tree_11",27.1,1.3,17.2
"Tree_11",26.6,1.5,17.2
"Tree_11",25.4,2.5,17.2
"Tree_11",24.4,3.5,17.2
"Tree_11",23.4,4.5,17.2
"Tree_11",22.5,5.5,17.2
"Tree_11",21.1,6.5,17.2
"Tree_11",20.4,7.5,17.2
"Tree_11",18.6,8.5,17.2
"Tree_11",17.4,9.5,17.2
"Tree_11",16.4,10.5,17.2
"Tree_11",15.4,11.5,17.2
"Tree_11",13.7,12.5,17.2
"Tree_11",12.1,13.5,17.2
"Tree_11",9.8,14.5,17.2
"Tree_11",6.7,15.5,17.2
"Tree_11",0,17.2,17.2
"Tree_12",24.6,0.5,16.7
"Tree_12",23.3,1.3,16.7
"Tree_12",22.3,1.5,16.7
"Tree_12",21.9,2.5,16.7
"Tree_12",21,3.5,16.7
"Tree_12",19.6,4.5,16.7
"Tree_12",18.9,5.5,16.7
"Tree_12",18.8,6.5,16.7
"Tree_12",16.7,7.5,16.7
"Tree_12",15.8,8.5,16.7
"Tree_12",14.2,9.5,16.7
"Tree_12",12.7,10.5,16.7
"Tree_12",11.2,11.5,16.7
"Tree_12",9.6,12.5,16.7
"Tree_12",7.5,13.5,16.7
"Tree_12",0,16.7,16.7
"Tree_13",25.81,0.5,14.4
"Tree_13",25,1.3,14.4
"Tree_13",23.5,1.5,14.4
"Tree_13",22.3,2.5,14.4
"Tree_13",20.7,3.5,14.4
"Tree_13",19.2,4.5,14.4
"Tree_13",17.3,5.5,14.4
"Tree_13",16,6.5,14.4
"Tree_13",14.8,7.5,14.4
"Tree_13",13.7,8.5,14.4
"Tree_13",12,9.5,14.4
"Tree_13",9.7,10.5,14.4
"Tree_13",8,11.5,14.4
"Tree_13",6.2,12.5,14.4
"Tree_13",0,14.4,14.4
"Tree_14",15.6,0.5,12.9
"Tree_14",15,1.3,12.9
"Tree_14",13.6,1.5,12.9
"Tree_14",13.3,2.5,12.9
"Tree_14",12,3.5,12.9
"Tree_14",11.3,4.5,12.9
"Tree_14",10.2,5.5,12.9
"Tree_14",9.1,6.5,12.9
"Tree_14",8.6,7.5,12.9
"Tree_14",7.1,8.5,12.9
"Tree_14",5.6,9.5,12.9
"Tree_14",0,12.9,12.9
"Tree_15",13.7,0.5,12.2
"Tree_15",13.5,1.3,12.2
"Tree_15",12.9,1.5,12.2
"Tree_15",11.5,2.5,12.2
"Tree_15",10.8,3.5,12.2
"Tree_15",10.2,4.5,12.2
"Tree_15",9.1,5.5,12.2
"Tree_15",8,6.5,12.2
"Tree_15",7,7.5,12.2
"Tree_15",5.9,8.5,12.2
"Tree_15",0,12.2,12.2
"Tree_16",32.4,0.5,14.9
"Tree_16",31.7,1.3,14.9
"Tree_16",30,1.5,14.9
"Tree_16",29,2.5,14.9
"Tree_16",27.6,3.5,14.9
"Tree_16",26.4,4.5,14.9
"Tree_16",24.7,5.5,14.9
"Tree_16",23.2,6.5,14.9
"Tree_16",22.3,7.5,14.9
"Tree_16",21,8.5,14.9
"Tree_16",19.3,9.5,14.9
"Tree_16",17.4,10.5,14.9
"Tree_16",15.5,11.5,14.9
"Tree_16",0,14.9,14.9
"Tree_17",31.2,0.5,16.3
"Tree_17",30.8,1.3,16.3
"Tree_17",28.9,1.5,16.3
"Tree_17",27.3,2.5,16.3
"Tree_17",27,3.5,16.3
"Tree_17",26.4,4.5,16.3
"Tree_17",25.4,5.5,16.3
"Tree_17",24,6.5,16.3
"Tree_17",22.7,7.5,16.3
"Tree_17",21.5,8.5,16.3
"Tree_17",19.9,9.5,16.3
"Tree_17",18.1,10.5,16.3
"Tree_17",17.1,11.5,16.3
"Tree_17",0,16.3,16.3
"Tree_18",25.9,0.5,19.7
"Tree_18",25.8,1.3,19.7
"Tree_18",25.6,1.5,19.7
"Tree_18",23.9,2.5,19.7
"Tree_18",23.1,3.5,19.7
"Tree_18",22.4,4.5,19.7
"Tree_18",21.1,5.5,19.7
"Tree_18",20.5,6.5,19.7
"Tree_18",20,7.5,19.7
"Tree_18",19,8.5,19.7
"Tree_18",18,9.5,19.7
"Tree_18",17.6,10.5,19.7
"Tree_18",15.4,11.5,19.7
"Tree_18",14.5,12.5,19.7
"Tree_18",12.9,13.5,19.7
"Tree_18",12.5,14.5,19.7
"Tree_18",10.1,15.5,19.7
"Tree_18",7.4,16.5,19.7
"Tree_18",0,19.7,19.7
"Tree_19",27.9,0.5,19.5
"Tree_19",27.8,1.3,19.5
"Tree_19",26.4,1.5,19.5
"Tree_19",24,2.5,19.5
"Tree_19",23.4,3.5,19.5
"Tree_19",21.8,4.5,19.5
"Tree_19",19.9,5.5,19.5
"Tree_19",19.1,6.5,19.5
"Tree_19",18,7.5,19.5
"Tree_19",16.7,8.5,19.5
"Tree_19",15.6,9.5,19.5
"Tree_19",13.3,10.5,19.5
"Tree_19",12.5,11.5,19.5
"Tree_19",11.5,12.5,19.5
"Tree_19",10.6,13.5,19.5
"Tree_19",8.3,14.5,19.5
"Tree_19",7.1,15.5,19.5
"Tree_19",0,19.5,19.5
"Tree_20",34.7,0.5,19.2
"Tree_20",33.9,1.3,19.2
"Tree_20",30.3,1.5,19.2
"Tree_20",27.9,2.5,19.2
"Tree_20",25.8,3.5,19.2
"Tree_20",24.4,4.5,19.2
"Tree_20",23.1,5.5,19.2
"Tree_20",23,6.5,19.2
"Tree_20",22,7.5,19.2
"Tree_20",21.6,8.5,19.2
"Tree_20",19,9.5,19.2
"Tree_20",17.5,10.5,19.2
"Tree_20",16.7,11.5,19.2
"Tree_20",15.9,12.5,19.2
"Tree_20",14.4,13.5,19.2
"Tree_20",10.3,14.5,19.2
"Tree_20",7.4,15.5,19.2
"Tree_20",0,19.2,19.2
"Tree_21",23.9,0.5,19.8
"Tree_21",23.8,1.3,19.8
"Tree_21",22.9,1.5,19.8
"Tree_21",22.6,2.5,19.8
"Tree_21",21.8,3.5,19.8
"Tree_21",20.1,4.5,19.8
"Tree_21",18.6,5.5,19.8
"Tree_21",17.2,6.5,19.8
"Tree_21",16.8,7.5,19.8
"Tree_21",16.1,8.5,19.8
"Tree_21",14.7,9.5,19.8
"Tree_21",13,10.5,19.8
"Tree_21",11.7,11.5,19.8
"Tree_21",11,12.5,19.8
"Tree_21",10.2,13.5,19.8
"Tree_21",8.7,14.5,19.8
"Tree_21",7.1,15.5,19.8
"Tree_21",0,19.8,19.8
"Tree_22",28.4,0.5,21.5
"Tree_22",27.7,1.3,21.5
"Tree_22",26.9,1.5,21.5
"Tree_22",23.6,2.5,21.5
"Tree_22",23.6,3.5,21.5
"Tree_22",20.4,4.5,21.5
"Tree_22",19.9,5.5,21.5
"Tree_22",18.1,6.5,21.5
"Tree_22",17.7,7.5,21.5
"Tree_22",17.3,8.5,21.5
"Tree_22",17,9.5,21.5
"Tree_22",16.6,10.5,21.5
"Tree_22",15.6,11.5,21.5
"Tree_22",14.5,12.5,21.5
"Tree_22",13.5,13.5,21.5
"Tree_22",12.3,14.5,21.5
"Tree_22",10.4,15.5,21.5
"Tree_22",9.2,16.5,21.5
"Tree_22",0,21.5,21.5
"Tree_23",27.2,0.5,21.6
"Tree_23",26.1,1.3,21.6
"Tree_23",25,1.5,21.6
"Tree_23",23.8,2.5,21.6
"Tree_23",21.7,3.5,21.6
"Tree_23",21.6,4.5,21.6
"Tree_23",20.6,5.5,21.6
"Tree_23",19.6,6.5,21.6
"Tree_23",17.7,7.5,21.6
"Tree_23",16.8,8.5,21.6
"Tree_23",15.9,9.5,21.6
"Tree_23",14.1,10.5,21.6
"Tree_23",13.3,11.5,21.6
"Tree_23",12.4,12.5,21.6
"Tree_23",11.6,13.5,21.6
"Tree_23",10.7,14.5,21.6
"Tree_23",9.9,15.5,21.6
"Tree_23",0,21.6,21.6
"Tree_24",40.8,0.5,21.8
"Tree_24",36.2,1.3,21.8
"Tree_24",35.1,1.5,21.8
"Tree_24",33.8,2.5,21.8
"Tree_24",31.7,3.5,21.8
"Tree_24",29.8,4.5,21.8
"Tree_24",28.8,5.5,21.8
"Tree_24",25.5,6.5,21.8
"Tree_24",24.6,7.5,21.8
"Tree_24",23,8.5,21.8
"Tree_24",22.3,9.5,21.8
"Tree_24",21.6,10.5,21.8
"Tree_24",19.4,11.5,21.8
"Tree_24",18.8,12.5,21.8
"Tree_24",15.8,13.5,21.8
"Tree_24",13.7,14.5,21.8
"Tree_24",12.3,15.5,21.8
"Tree_24",11.7,16.5,21.8
"Tree_24",10.2,17.5,21.8
"Tree_24",8.7,18.5,21.8
"Tree_24",0,21.8,21.8
"Tree_25",24.7,0.5,17.3
"Tree_25",24.4,1.3,17.3
"Tree_25",23,1.5,17.3
"Tree_25",21.4,2.5,17.3
"Tree_25",19.8,3.5,17.3
"Tree_25",18.3,4.5,17.3
"Tree_25",17.5,5.5,17.3
"Tree_25",16.5,6.5,17.3
"Tree_25",15.6,7.5,17.3
"Tree_25",14.5,8.5,17.3
"Tree_25",13.1,9.5,17.3
"Tree_25",11.3,10.5,17.3
"Tree_25",10.4,11.5,17.3
"Tree_25",8.9,12.5,17.3
"Tree_25",7.5,13.5,17.3
"Tree_25",6.4,14.5,17.3
"Tree_25",5.2,15.5,17.3
"Tree_25",0,17.3,17.3
"Tree_26",43.1,0.5,19.5
"Tree_26",43,1.3,19.5
"Tree_26",41.1,1.5,19.5
"Tree_26",37.8,2.5,19.5
"Tree_26",37.1,3.5,19.5
"Tree_26",33.6,4.5,19.5
"Tree_26",32.2,5.5,19.5
"Tree_26",30.8,6.5,19.5
"Tree_26",29.7,7.5,19.5
"Tree_26",27.5,8.5,19.5
"Tree_26",25.5,9.5,19.5
"Tree_26",24.1,10.5,19.5
"Tree_26",22.2,11.5,19.5
"Tree_26",20.3,12.5,19.5
"Tree_26",18.3,13.5,19.5
"Tree_26",12,14.5,19.5
"Tree_26",10.4,15.5,19.5
"Tree_26",8.7,16.5,19.5
"Tree_26",6.8,17.5,19.5
"Tree_26",0,19.5,19.5
"Tree_27",26.3,0.5,17.6
"Tree_27",26.2,1.3,17.6
"Tree_27",25.4,1.5,17.6
"Tree_27",23.6,2.5,17.6
"Tree_27",22.5,3.5,17.6
"Tree_27",22,4.5,17.6
"Tree_27",21.1,5.5,17.6
"Tree_27",19.4,6.5,17.6
"Tree_27",17.8,7.5,17.6
"Tree_27",17,8.5,17.6
"Tree_27",16.4,9.5,17.6
"Tree_27",15.2,10.5,17.6
"Tree_27",13.6,11.5,17.6
"Tree_27",11.8,12.5,17.6
"Tree_27",9.8,13.5,17.6
"Tree_27",7,14.5,17.6
"Tree_27",0,17.6,17.6
"Tree_28",16.6,0.5,14.1
"Tree_28",15.5,1.3,14.1
"Tree_28",13.8,1.5,14.1
"Tree_28",13.1,2.5,14.1
"Tree_28",12,3.5,14.1
"Tree_28",11,4.5,14.1
"Tree_28",9.5,5.5,14.1
"Tree_28",9.4,6.5,14.1
"Tree_28",8.2,7.5,14.1
"Tree_28",7.4,8.5,14.1
"Tree_28",6.5,9.5,14.1
"Tree_28",5.6,10.5,14.1
"Tree_28",0,14.1,14.1
"Tree_29",27.5,0.5,17
"Tree_29",26.1,1.3,17
"Tree_29",24.4,1.5,17
"Tree_29",23.3,2.5,17
"Tree_29",21.6,3.5,17
"Tree_29",20.8,4.5,17
"Tree_29",19.4,5.5,17
"Tree_29",18.8,6.5,17
"Tree_29",17.1,7.5,17
"Tree_29",16.5,8.5,17
"Tree_29",15.6,9.5,17
"Tree_29",13.5,10.5,17
"Tree_29",12.6,11.5,17
"Tree_29",10.5,12.5,17
"Tree_29",9,13.5,17
"Tree_29",6.2,14.5,17
"Tree_29",0,17,17
"Tree_30",23.8,0.5,20.3
"Tree_30",23.6,1.3,20.3
"Tree_30",23,1.5,20.3
"Tree_30",22.5,2.5,20.3
"Tree_30",21.9,3.5,20.3
"Tree_30",20.9,4.5,20.3
"Tree_30",20.7,5.5,20.3
"Tree_30",19.8,6.5,20.3
"Tree_30",18,7.5,20.3
"Tree_30",17.2,8.5,20.3
"Tree_30",16.4,9.5,20.3
"Tree_30",15.6,10.5,20.3
"Tree_30",14.8,11.5,20.3
"Tree_30",14.1,12.5,20.3
"Tree_30",12.6,13.5,20.3
"Tree_30",11.9,14.5,20.3
"Tree_30",10.3,15.5,20.3
"Tree_30",9.6,16.5,20.3
"Tree_30",9,17.5,20.3
"Tree_30",0,20.3,20.3
"Tree_31",21.8,0.5,19.6
"Tree_31",21.6,1.3,19.6
"Tree_31",20.7,1.5,19.6
"Tree_31",19.7,2.5,19.6
"Tree_31",18.8,3.5,19.6
"Tree_31",17.3,4.5,19.6
"Tree_31",16.5,5.5,19.6
"Tree_31",15.9,6.5,19.6
"Tree_31",15.3,7.5,19.6
"Tree_31",14.1,8.5,19.6
"Tree_31",13.6,9.5,19.6
"Tree_31",12.5,10.5,19.6
"Tree_31",12.1,11.5,19.6
"Tree_31",11,12.5,19.6
"Tree_31",9.9,13.5,19.6
"Tree_31",8.8,14.5,19.6
"Tree_31",7,15.5,19.6
"Tree_31",0,19.6,19.6
"Tree_32",35.5,0.5,22.8
"Tree_32",34.5,1.3,22.8
"Tree_32",33.3,1.5,22.8
"Tree_32",32.7,2.5,22.8
"Tree_32",32.2,3.5,22.8
"Tree_32",31.7,4.5,22.8
"Tree_32",30.3,5.5,22.8
"Tree_32",29.5,6.5,22.8
"Tree_32",27.8,7.5,22.8
"Tree_32",26.1,8.5,22.8
"Tree_32",25.1,9.5,22.8
"Tree_32",24.9,10.5,22.8
"Tree_32",22.8,11.5,22.8
"Tree_32",20.8,12.5,22.8
"Tree_32",20.1,13.5,22.8
"Tree_32",18,14.5,22.8
"Tree_32",16.6,15.5,22.8
"Tree_32",14.9,16.5,22.8
"Tree_32",11.3,17.5,22.8
"Tree_32",9.4,18.5,22.8
"Tree_32",7.6,19.5,22.8
"Tree_32",0,22.8,22.8
"Tree_33",51.4,0.5,22.3
"Tree_33",49.5,1.3,22.3
"Tree_33",47.1,1.5,22.3
"Tree_33",42.9,2.5,22.3
"Tree_33",40.5,3.5,22.3
"Tree_33",37.1,4.5,22.3
"Tree_33",36.8,5.5,22.3
"Tree_33",34.4,6.5,22.3
"Tree_33",33.8,7.5,22.3
"Tree_33",31.3,8.5,22.3
"Tree_33",30,9.5,22.3
"Tree_33",29.4,10.5,22.3
"Tree_33",27.6,11.5,22.3
"Tree_33",23.1,12.5,22.3
"Tree_33",21.4,13.5,22.3
"Tree_33",20.9,14.5,22.3
"Tree_33",18.6,15.5,22.3
"Tree_33",15.9,16.5,22.3
"Tree_33",13.8,17.5,22.3
"Tree_33",9.6,18.5,22.3
"Tree_33",7.2,19.5,22.3
"Tree_33",0,22.3,22.3
"Tree_34",27.1,0.5,24.5
"Tree_34",26.4,1.3,24.5
"Tree_34",26.3,1.5,24.5
"Tree_34",26.1,2.5,24.5
"Tree_34",25.4,3.5,24.5
"Tree_34",24.9,4.5,24.5
"Tree_34",23.3,5.5,24.5
"Tree_34",22.9,6.5,24.5
"Tree_34",21.5,7.5,24.5
"Tree_34",20.5,8.5,24.5
"Tree_34",19.8,9.5,24.5
"Tree_34",19.1,10.5,24.5
"Tree_34",18.2,11.5,24.5
"Tree_34",17.5,12.5,24.5
"Tree_34",16.6,13.5,24.5
"Tree_34",15.7,14.5,24.5
"Tree_34",15,15.5,24.5
"Tree_34",13.6,16.5,24.5
"Tree_34",12.6,17.5,24.5
"Tree_34",11.5,18.5,24.5
"Tree_34",10.1,19.5,24.5
"Tree_34",0,24.5,24.5
"Tree_35",41.7,0.5,27.3
"Tree_35",39,1.3,27.3
"Tree_35",38.1,1.5,27.3
"Tree_35",36.1,2.5,27.3
"Tree_35",35.4,3.5,27.3
"Tree_35",34.9,4.5,27.3
"Tree_35",33.8,5.5,27.3
"Tree_35",32.9,6.5,27.3
"Tree_35",32.1,7.5,27.3
"Tree_35",31.4,8.5,27.3
"Tree_35",30.2,9.5,27.3
"Tree_35",29.3,10.5,27.3
"Tree_35",28.9,11.5,27.3
"Tree_35",27.3,12.5,27.3
"Tree_35",26.6,13.5,27.3
"Tree_35",25.1,14.5,27.3
"Tree_35",24.4,15.5,27.3
"Tree_35",23.6,16.5,27.3
"Tree_35",22.2,17.5,27.3
"Tree_35",20.8,18.5,27.3
"Tree_35",19.2,19.5,27.3
"Tree_35",17.9,20.5,27.3
"Tree_35",16.2,21.5,27.3
"Tree_35",0,27.3,27.3
"Tree_36",29.6,0.5,18.2
"Tree_36",28.3,1.3,18.2
"Tree_36",28.1,1.5,18.2
"Tree_36",27.3,2.5,18.2
"Tree_36",25.7,3.5,18.2
"Tree_36",24.8,4.5,18.2
"Tree_36",23,5.5,18.2
"Tree_36",22.4,6.5,18.2
"Tree_36",20.8,7.5,18.2
"Tree_36",20.3,8.5,18.2
"Tree_36",18.7,9.5,18.2
"Tree_36",16.5,10.5,18.2
"Tree_36",14.9,11.5,18.2
"Tree_36",13.5,12.5,18.2
"Tree_36",11.9,13.5,18.2
"Tree_36",10.2,14.5,18.2
"Tree_36",8.7,15.5,18.2
"Tree_36",7,16.5,18.2
"Tree_36",0,18.2,18.2
"Tree_37",25.7,0.5,21.1
"Tree_37",24,1.3,21.1
"Tree_37",23.3,1.5,21.1
"Tree_37",22.4,2.5,21.1
"Tree_37",21.5,3.5,21.1
"Tree_37",20.7,4.5,21.1
"Tree_37",20,5.5,21.1
"Tree_37",19.3,6.5,21.1
"Tree_37",18,7.5,21.1
"Tree_37",17.5,8.5,21.1
"Tree_37",17,9.5,21.1
"Tree_37",15.7,10.5,21.1
"Tree_37",14.5,11.5,21.1
"Tree_37",13.3,12.5,21.1
"Tree_37",12.9,13.5,21.1
"Tree_37",11.5,14.5,21.1
"Tree_37",11.1,15.5,21.1
"Tree_37",9.7,16.5,21.1
"Tree_37",8.4,17.5,21.1
"Tree_37",0,21.1,21.1
"Tree_38",22.4,0.5,20.9
"Tree_38",21.7,1.3,20.9
"Tree_38",20.6,1.5,20.9
"Tree_38",19,2.5,20.9
"Tree_38",18,3.5,20.9
"Tree_38",17.1,4.5,20.9
"Tree_38",16.1,5.5,20.9
"Tree_38",15.6,6.5,20.9
"Tree_38",14.9,7.5,20.9
"Tree_38",13.9,8.5,20.9
"Tree_38",12.5,9.5,20.9
"Tree_38",11.7,10.5,20.9
"Tree_38",10.8,11.5,20.9
"Tree_38",9.5,12.5,20.9
"Tree_38",9,13.5,20.9
"Tree_38",7.9,14.5,20.9
"Tree_38",7.3,15.5,20.9
"Tree_38",5.5,16.5,20.9
"Tree_38",0,20.9,20.9
"Tree_39",47.9,0.5,23.6
"Tree_39",48.1,1.3,23.6
"Tree_39",46.8,1.5,23.6
"Tree_39",46.3,2.5,23.6
"Tree_39",45.9,3.5,23.6
"Tree_39",45.8,4.5,23.6
"Tree_39",45.7,5.5,23.6
"Tree_39",43.5,6.5,23.6
"Tree_39",41.7,7.5,23.6
"Tree_39",39.3,8.5,23.6
"Tree_39",37.4,9.5,23.6
"Tree_39",36.3,10.5,23.6
"Tree_39",35.2,11.5,23.6
"Tree_39",34.7,12.5,23.6
"Tree_39",31.9,13.5,23.6
"Tree_39",29.9,14.5,23.6
"Tree_39",26.8,15.5,23.6
"Tree_39",25.4,16.5,23.6
"Tree_39",23.5,17.5,23.6
"Tree_39",20.8,18.5,23.6
"Tree_39",18.9,19.5,23.6
"Tree_39",14.7,20.5,23.6
"Tree_39",11.5,21.5,23.6
"Tree_39",0,23.6,23.6
"Tree_40",30.5,0.5,17.1
"Tree_40",29.9,1.3,17.1
"Tree_40",29.7,1.5,17.1
"Tree_40",28.5,2.5,17.1
"Tree_40",28,3.5,17.1
"Tree_40",27,4.5,17.1
"Tree_40",26.4,5.5,17.1
"Tree_40",23.5,6.5,17.1
"Tree_40",22.7,7.5,17.1
"Tree_40",21.4,8.5,17.1
"Tree_40",18.8,9.5,17.1
"Tree_40",17.3,10.5,17.1
"Tree_40",14.3,11.5,17.1
"Tree_40",12.6,12.5,17.1
"Tree_40",10.1,13.5,17.1
"Tree_40",9,14.5,17.1
"Tree_40",0,17.1,17.1
"Tree_41",36.3,0.5,21.6
"Tree_41",30.6,1.3,21.6
"Tree_41",30.6,1.5,21.6
"Tree_41",29.4,2.5,21.6
"Tree_41",28.3,3.5,21.6
"Tree_41",27.2,4.5,21.6
"Tree_41",26.1,5.5,21.6
"Tree_41",25.1,6.5,21.6
"Tree_41",24.1,7.5,21.6
"Tree_41",23.1,8.5,21.6
"Tree_41",22.2,9.5,21.6
"Tree_41",21.2,10.5,21.6
"Tree_41",20.2,11.5,21.6
"Tree_41",19.3,12.5,21.6
"Tree_41",18.4,13.5,21.6
"Tree_41",17.5,14.5,21.6
"Tree_41",16.4,15.5,21.6
"Tree_41",15.4,16.5,21.6
"Tree_41",13.3,17.5,21.6
"Tree_41",12.2,18.5,21.6
"Tree_41",0,21.6,21.6
"Tree_42",22.8,0.5,19
"Tree_42",19.8,1.3,19
"Tree_42",19.2,1.5,19
"Tree_42",18.2,2.5,19
"Tree_42",17.2,3.5,19
"Tree_42",16.8,4.5,19
"Tree_42",16.5,5.5,19
"Tree_42",15.6,6.5,19
"Tree_42",15.3,7.5,19
"Tree_42",15.1,8.5,19
"Tree_42",14.7,9.5,19
"Tree_42",14.1,10.5,19
"Tree_42",13.1,11.5,19
"Tree_42",11.9,12.5,19
"Tree_42",10.7,13.5,19
"Tree_42",8.6,14.5,19
"Tree_42",0,19,19
"Tree_43",23.3,0.5,18.9
"Tree_43",20.8,1.3,18.9
"Tree_43",20.3,1.5,18.9
"Tree_43",19,2.5,18.9
"Tree_43",17.8,3.5,18.9
"Tree_43",16.8,4.5,18.9
"Tree_43",15.8,5.5,18.9
"Tree_43",14.8,6.5,18.9
"Tree_43",13.9,7.5,18.9
"Tree_43",13.7,8.5,18.9
"Tree_43",12.8,9.5,18.9
"Tree_43",11.9,10.5,18.9
"Tree_43",11.3,11.5,18.9
"Tree_43",10.3,12.5,18.9
"Tree_43",9.6,13.5,18.9
"Tree_43",8.6,14.5,18.9
"Tree_43",7.4,15.5,18.9
"Tree_43",0,18.9,18.9
"Tree_44",27,0.5,20.4
"Tree_44",26.3,1.3,20.4
"Tree_44",25.5,1.5,20.4
"Tree_44",24.8,2.5,20.4
"Tree_44",23.5,3.5,20.4
"Tree_44",22.3,4.5,20.4
"Tree_44",21.7,5.5,20.4
"Tree_44",20.6,6.5,20.4
"Tree_44",19.5,7.5,20.4
"Tree_44",18.5,8.5,20.4
"Tree_44",17.3,9.5,20.4
"Tree_44",16.2,10.5,20.4
"Tree_44",15.8,11.5,20.4
"Tree_44",14.8,12.5,20.4
"Tree_44",13.8,13.5,20.4
"Tree_44",13,14.5,20.4
"Tree_44",11.7,15.5,20.4
"Tree_44",10.4,16.5,20.4
"Tree_44",8.8,17.5,20.4
"Tree_44",0,20.4,20.4
"Tree_45",31.5,0.5,20.4
"Tree_45",30.6,1.3,20.4
"Tree_45",29.8,1.5,20.4
"Tree_45",29,2.5,20.4
"Tree_45",27.5,3.5,20.4
"Tree_45",26.8,4.5,20.4
"Tree_45",25.5,5.5,20.4
"Tree_45",24.3,6.5,20.4
"Tree_45",23.1,7.5,20.4
"Tree_45",21.9,8.5,20.4
"Tree_45",20.1,9.5,20.4
"Tree_45",19,10.5,20.4
"Tree_45",17.8,11.5,20.4
"Tree_45",16.6,12.5,20.4
"Tree_45",15.5,13.5,20.4
"Tree_45",13.5,14.5,20.4
"Tree_45",11.4,15.5,20.4
"Tree_45",9.2,16.5,20.4
"Tree_45",0,20.4,20.4
"Tree_46",21,0.5,17.4
"Tree_46",20.2,1.3,17.4
"Tree_46",20.1,1.5,17.4
"Tree_46",19.2,2.5,17.4
"Tree_46",17.9,3.5,17.4
"Tree_46",16.1,4.5,17.4
"Tree_46",15.5,5.5,17.4
"Tree_46",14.3,6.5,17.4
"Tree_46",13.3,7.5,17.4
"Tree_46",12.3,8.5,17.4
"Tree_46",11.9,9.5,17.4
"Tree_46",11,10.5,17.4
"Tree_46",10,11.5,17.4
"Tree_46",9.1,12.5,17.4
"Tree_46",8,13.5,17.4
"Tree_46",6.9,14.5,17.4
"Tree_46",0,17.4,17.4
"Tree_47",28.2,0.5,19
"Tree_47",26.2,1.3,19
"Tree_47",26.1,1.5,19
"Tree_47",25.5,2.5,19
"Tree_47",24.9,3.5,19
"Tree_47",23.8,4.5,19
"Tree_47",22.8,5.5,19
"Tree_47",21.7,6.5,19
"Tree_47",21.5,7.5,19
"Tree_47",20.7,8.5,19
"Tree_47",19.8,9.5,19
"Tree_47",18.8,10.5,19
"Tree_47",17.8,11.5,19
"Tree_47",16.8,12.5,19
"Tree_47",14.5,13.5,19
"Tree_47",0,19,19
"Tree_48",23.8,0.5,15.5
"Tree_48",23.2,1.3,15.5
"Tree_48",23.1,1.5,15.5
"Tree_48",21.3,2.5,15.5
"Tree_48",19.6,3.5,15.5
"Tree_48",18.4,4.5,15.5
"Tree_48",17,5.5,15.5
"Tree_48",15.6,6.5,15.5
"Tree_48",14.6,7.5,15.5
"Tree_48",13.1,8.5,15.5
"Tree_48",11.7,9.5,15.5
"Tree_48",10,10.5,15.5
"Tree_48",8.6,11.5,15.5
"Tree_48",0,15.5,15.5
"Tree_49",20.1,0.5,20.3
"Tree_49",19.2,1.3,20.3
"Tree_49",18.6,1.5,20.3
"Tree_49",17.1,2.5,20.3
"Tree_49",16.9,3.5,20.3
"Tree_49",15.7,4.5,20.3
"Tree_49",15.1,5.5,20.3
"Tree_49",14.5,6.5,20.3
"Tree_49",14,7.5,20.3
"Tree_49",13.7,8.5,20.3
"Tree_49",12.8,9.5,20.3
"Tree_49",12.3,10.5,20.3
"Tree_49",12.1,11.5,20.3
"Tree_49",11.7,12.5,20.3
"Tree_49",10.8,13.5,20.3
"Tree_49",10.5,14.5,20.3
"Tree_49",9.5,15.5,20.3
"Tree_49",7.8,16.5,20.3
"Tree_49",0,20.3,20.3
"Tree_50",23.1,0.5,16.3
"Tree_50",22.4,1.3,16.3
"Tree_50",22.4,1.5,16.3
"Tree_50",21.7,2.5,16.3
"Tree_50",20.7,3.5,16.3
"Tree_50",19.8,4.5,16.3
"Tree_50",18.9,5.5,16.3
"Tree_50",18.2,6.5,16.3
"Tree_50",16.9,7.5,16.3
"Tree_50",15.7,8.5,16.3
"Tree_50",14.8,9.5,16.3
"Tree_50",13.7,10.5,16.3
"Tree_50",12.8,11.5,16.3
"Tree_50",11.5,12.5,16.3
"Tree_50",10.4,13.5,16.3
"Tree_50",9,14.5,16.3
"Tree_50",0,16.3,16.3
"Tree_51",23.6,0.5,17.8
"Tree_51",22.9,1.3,17.8
"Tree_51",22.8,1.5,17.8
"Tree_51",21.6,2.5,17.8
"Tree_51",21,3.5,17.8
"Tree_51",20,4.5,17.8
"Tree_51",18.9,5.5,17.8
"Tree_51",17.9,6.5,17.8
"Tree_51",16.3,7.5,17.8
"Tree_51",15.4,8.5,17.8
"Tree_51",14.5,9.5,17.8
"Tree_51",14.2,10.5,17.8
"Tree_51",13.8,11.5,17.8
"Tree_51",12.9,12.5,17.8
"Tree_51",10.3,13.5,17.8
"Tree_51",8.5,14.5,17.8
"Tree_51",0,17.8,17.8
"Tree_52",25.8,0.5,18.4
"Tree_52",25,1.3,18.4
"Tree_52",24.8,1.5,18.4
"Tree_52",23.4,2.5,18.4
"Tree_52",22,3.5,18.4
"Tree_52",21.3,4.5,18.4
"Tree_52",20.2,5.5,18.4
"Tree_52",19.8,6.5,18.4
"Tree_52",18.4,7.5,18.4
"Tree_52",18.1,8.5,18.4
"Tree_52",17.5,9.5,18.4
"Tree_52",16.6,10.5,18.4
"Tree_52",15.6,11.5,18.4
"Tree_52",14.3,12.5,18.4
"Tree_52",13.1,13.5,18.4
"Tree_52",11.6,14.5,18.4
"Tree_52",9.5,15.5,18.4
"Tree_52",8.1,16.5,18.4
"Tree_52",0,18.4,18.4
"Tree_53",26.2,0.5,18
"Tree_53",25.8,1.3,18
"Tree_53",25.5,1.5,18
"Tree_53",25,2.5,18
"Tree_53",24.3,3.5,18
"Tree_53",22.9,4.5,18
"Tree_53",21.4,5.5,18
"Tree_53",19.6,6.5,18
"Tree_53",18.1,7.5,18
"Tree_53",17.5,8.5,18
"Tree_53",16,9.5,18
"Tree_53",15.4,10.5,18
"Tree_53",13.8,11.5,18
"Tree_53",12.2,12.5,18
"Tree_53",11.1,13.5,18
"Tree_53",10.3,14.5,18
"Tree_53",9.9,15.5,18
"Tree_53",8.2,16.5,18
"Tree_53",7,17.5,18
"Tree_53",0,18,18
"Tree_54",24.3,0.5,19.5
"Tree_54",24.1,1.3,19.5
"Tree_54",23.8,1.5,19.5
"Tree_54",23.4,2.5,19.5
"Tree_54",22.5,3.5,19.5
"Tree_54",21.8,4.5,19.5
"Tree_54",20.7,5.5,19.5
"Tree_54",19.8,6.5,19.5
"Tree_54",18.9,7.5,19.5
"Tree_54",18.1,8.5,19.5
"Tree_54",17.4,9.5,19.5
"Tree_54",16.7,10.5,19.5
"Tree_54",15.5,11.5,19.5
"Tree_54",14.2,12.5,19.5
"Tree_54",13,13.5,19.5
"Tree_54",12.3,14.5,19.5
"Tree_54",10.7,15.5,19.5
"Tree_54",9.2,16.5,19.5
"Tree_54",7.5,17.5,19.5
"Tree_54",0,19.5,19.5
"Tree_55",25.2,0.5,21.3
"Tree_55",25.1,1.3,21.3
"Tree_55",25,1.5,21.3
"Tree_55",24.2,2.5,21.3
"Tree_55",23.4,3.5,21.3
"Tree_55",22.1,4.5,21.3
"Tree_55",20.8,5.5,21.3
"Tree_55",20.3,6.5,21.3
"Tree_55",19,7.5,21.3
"Tree_55",18.6,8.5,21.3
"Tree_55",17.4,9.5,21.3
"Tree_55",16.3,10.5,21.3
"Tree_55",15.4,11.5,21.3
"Tree_55",15.1,12.5,21.3
"Tree_55",13.7,13.5,21.3
"Tree_55",12.5,14.5,21.3
"Tree_55",10.3,15.5,21.3
"Tree_55",8.8,16.5,21.3
"Tree_55",0,21.3,21.3
"Tree_56",28.2,0.5,20.2
"Tree_56",26.7,1.3,20.2
"Tree_56",26.7,1.5,20.2
"Tree_56",25.9,2.5,20.2
"Tree_56",24.6,3.5,20.2
"Tree_56",23.3,4.5,20.2
"Tree_56",22.7,5.5,20.2
"Tree_56",21.7,6.5,20.2
"Tree_56",21.3,7.5,20.2
"Tree_56",21.1,8.5,20.2
"Tree_56",20.4,9.5,20.2
"Tree_56",19.3,10.5,20.2
"Tree_56",18.2,11.5,20.2
"Tree_56",17.7,12.5,20.2
"Tree_56",16.7,13.5,20.2
"Tree_56",15.4,14.5,20.2
"Tree_56",14.4,15.5,20.2
"Tree_56",13,16.5,20.2
"Tree_56",10.6,17.5,20.2
"Tree_56",0,20.2,20.2
"Tree_57",18.8,0.5,15.5
"Tree_57",18.7,1.3,15.5
"Tree_57",17.6,1.5,15.5
"Tree_57",16.5,2.5,15.5
"Tree_57",14.9,3.5,15.5
"Tree_57",13.9,4.5,15.5
"Tree_57",13.2,5.5,15.5
"Tree_57",13.2,6.5,15.5
"Tree_57",11.9,7.5,15.5
"Tree_57",11.5,8.5,15.5
"Tree_57",10.8,9.5,15.5
"Tree_57",9.3,10.5,15.5
"Tree_57",8.5,11.5,15.5
"Tree_57",7.6,12.5,15.5
"Tree_57",0,15.5,15.5
"Tree_58",19.7,0.5,17.8
"Tree_58",19.5,1.3,17.8
"Tree_58",19.4,1.5,17.8
"Tree_58",18.7,2.5,17.8
"Tree_58",18,3.5,17.8
"Tree_58",17.4,4.5,17.8
"Tree_58",17,5.5,17.8
"Tree_58",16,6.5,17.8
"Tree_58",15.2,7.5,17.8
"Tree_58",14.3,8.5,17.8
"Tree_58",13.5,9.5,17.8
"Tree_58",12.1,10.5,17.8
"Tree_58",11.3,11.5,17.8
"Tree_58",9.8,12.5,17.8
"Tree_58",8.9,13.5,17.8
"Tree_58",7.5,14.5,17.8
"Tree_58",0,17.8,17.8
"Tree_59",19.6,0.5,16.1
"Tree_59",19.1,1.3,16.1
"Tree_59",18.4,1.5,16.1
"Tree_59",17.8,2.5,16.1
"Tree_59",16.8,3.5,16.1
"Tree_59",15.4,4.5,16.1
"Tree_59",14.5,5.5,16.1
"Tree_59",12.7,6.5,16.1
"Tree_59",12.4,7.5,16.1
"Tree_59",11.6,8.5,16.1
"Tree_59",10.9,9.5,16.1
"Tree_59",9.6,10.5,16.1
"Tree_59",8.8,11.5,16.1
"Tree_59",7.4,12.5,16.1
"Tree_59",6.4,13.5,16.1
"Tree_59",0,16.1,16.1
"Tree_60",20.7,0.5,18.1
"Tree_60",20.6,1.3,18.1
"Tree_60",20.1,1.5,18.1
"Tree_60",19.4,2.5,18.1
"Tree_60",18.2,3.5,18.1
"Tree_60",17.3,4.5,18.1
"Tree_60",16.4,5.5,18.1
"Tree_60",15.6,6.5,18.1
"Tree_60",14.1,7.5,18.1
"Tree_60",13.1,8.5,18.1
"Tree_60",12.2,9.5,18.1
"Tree_60",11.2,10.5,18.1
"Tree_60",10.2,11.5,18.1
"Tree_60",9.1,12.5,18.1
"Tree_60",7.5,13.5,18.1
"Tree_60",0,18.1,18.1
"Tree_61",18.8,0.5,14.7
"Tree_61",18.3,1.3,14.7
"Tree_61",18.2,1.5,14.7
"Tree_61",17.2,2.5,14.7
"Tree_61",16.8,3.5,14.7
"Tree_61",15.9,4.5,14.7
"Tree_61",14.2,5.5,14.7
"Tree_61",13.4,6.5,14.7
"Tree_61",12.5,7.5,14.7
"Tree_61",10.9,8.5,14.7
"Tree_61",9.6,9.5,14.7
"Tree_61",8.3,10.5,14.7
"Tree_61",6.8,11.5,14.7
"Tree_61",0,14.7,14.7
"Tree_62",22.7,0.5,17.7
"Tree_62",22.6,1.3,17.7
"Tree_62",22.5,1.5,17.7
"Tree_62",19.8,2.5,17.7
"Tree_62",18.8,3.5,17.7
"Tree_62",18.4,4.5,17.7
"Tree_62",18.2,5.5,17.7
"Tree_62",17.5,6.5,17.7
"Tree_62",16.6,7.5,17.7
"Tree_62",15.3,8.5,17.7
"Tree_62",14.5,9.5,17.7
"Tree_62",13.1,10.5,17.7
"Tree_62",12.2,11.5,17.7
"Tree_62",11.3,12.5,17.7
"Tree_62",10.2,13.5,17.7
"Tree_62",8.6,14.5,17.7
"Tree_62",0,17.7,17.7
"Tree_63",22,0.5,16.5
"Tree_63",20,1.3,16.5
"Tree_63",19.8,1.5,16.5
"Tree_63",18.2,2.5,16.5
"Tree_63",16.7,3.5,16.5
"Tree_63",15.8,4.5,16.5
"Tree_63",14.1,5.5,16.5
"Tree_63",13.4,6.5,16.5
"Tree_63",12.8,7.5,16.5
"Tree_63",12.1,8.5,16.5
"Tree_63",11.5,9.5,16.5
"Tree_63",10.5,10.5,16.5
"Tree_63",9.6,11.5,16.5
"Tree_63",8.8,12.5,16.5
"Tree_63",7.5,13.5,16.5
"Tree_63",6,14.5,16.5
"Tree_63",0,16.5,16.5
"Tree_64",20.1,0.5,18.4
"Tree_64",20,1.3,18.4
"Tree_64",20,1.5,18.4
"Tree_64",19.9,2.5,18.4
"Tree_64",19.2,3.5,18.4
"Tree_64",18.6,4.5,18.4
"Tree_64",17.4,5.5,18.4
"Tree_64",17,6.5,18.4
"Tree_64",16.4,7.5,18.4
"Tree_64",15.3,8.5,18.4
"Tree_64",14.1,9.5,18.4
"Tree_64",13,10.5,18.4
"Tree_64",12.6,11.5,18.4
"Tree_64",11.4,12.5,18.4
"Tree_64",11,13.5,18.4
"Tree_64",9.6,14.5,18.4
"Tree_64",8.3,15.5,18.4
"Tree_64",0,18.4,18.4
"Tree_65",25.3,0.5,23
"Tree_65",24.5,1.3,23
"Tree_65",23.8,1.5,23
"Tree_65",23.1,2.5,23
"Tree_65",22.5,3.5,23
"Tree_65",21.2,4.5,23
"Tree_65",20.8,5.5,23
"Tree_65",20.2,6.5,23
"Tree_65",19.1,7.5,23
"Tree_65",18.3,8.5,23
"Tree_65",17.5,9.5,23
"Tree_65",16.7,10.5,23
"Tree_65",15.6,11.5,23
"Tree_65",14.3,12.5,23
"Tree_65",13.7,13.5,23
"Tree_65",12.4,14.5,23
"Tree_65",11.8,15.5,23
"Tree_65",9.5,16.5,23
"Tree_65",0,23,23
"Tree_66",18.9,0.5,15.1
"Tree_66",18.2,1.3,15.1
"Tree_66",17.7,1.5,15.1
"Tree_66",17.1,2.5,15.1
"Tree_66",16.1,3.5,15.1
"Tree_66",15.2,4.5,15.1
"Tree_66",14.4,5.5,15.1
"Tree_66",13.6,6.5,15.1
"Tree_66",13.2,7.5,15.1
"Tree_66",12.4,8.5,15.1
"Tree_66",11.5,9.5,15.1
"Tree_66",10.6,10.5,15.1
"Tree_66",9.7,11.5,15.1
"Tree_66",8.7,12.5,15.1
"Tree_66",7.6,13.5,15.1
"Tree_66",0,15.1,15.1
"Tree_67",23.2,0.5,18.8
"Tree_67",23.1,1.3,18.8
"Tree_67",23,1.5,18.8
"Tree_67",22.3,2.5,18.8
"Tree_67",21.1,3.5,18.8
"Tree_67",19.8,4.5,18.8
"Tree_67",18.7,5.5,18.8
"Tree_67",18.2,6.5,18.8
"Tree_67",17.8,7.5,18.8
"Tree_67",16.8,8.5,18.8
"Tree_67",16.1,9.5,18.8
"Tree_67",15.6,10.5,18.8
"Tree_67",14.7,11.5,18.8
"Tree_67",13.8,12.5,18.8
"Tree_67",12,13.5,18.8
"Tree_67",11.1,14.5,18.8
"Tree_67",9.9,15.5,18.8
"Tree_67",7.9,16.5,18.8
"Tree_67",0,18.8,18.8
"Tree_68",15.2,0.5,15.7
"Tree_68",14.7,1.3,15.7
"Tree_68",13.8,1.5,15.7
"Tree_68",13.4,2.5,15.7
"Tree_68",13.1,3.5,15.7
"Tree_68",12.3,4.5,15.7
"Tree_68",11.5,5.5,15.7
"Tree_68",10.7,6.5,15.7
"Tree_68",9.8,7.5,15.7
"Tree_68",8.5,8.5,15.7
"Tree_68",6.9,9.5,15.7
"Tree_68",0,15.7,15.7
"Tree_69",17.1,0.5,13.3
"Tree_69",16.8,1.3,13.3
"Tree_69",16.3,1.5,13.3
"Tree_69",15.1,2.5,13.3
"Tree_69",14,3.5,13.3
"Tree_69",13,4.5,13.3
"Tree_69",12,5.5,13.3
"Tree_69",11.1,6.5,13.3
"Tree_69",10.2,7.5,13.3
"Tree_69",9.2,8.5,13.3
"Tree_69",8.3,9.5,13.3
"Tree_69",7.4,10.5,13.3
"Tree_69",0,13.3,13.3
"Tree_70",22.4,0.5,14.2
"Tree_70",21.6,1.3,14.2
"Tree_70",21.5,1.5,14.2
"Tree_70",20.7,2.5,14.2
"Tree_70",20.1,3.5,14.2
"Tree_70",19.3,4.5,14.2
"Tree_70",18.7,5.5,14.2
"Tree_70",17.5,6.5,14.2
"Tree_70",16.8,7.5,14.2
"Tree_70",14.5,8.5,14.2
"Tree_70",13.3,9.5,14.2
"Tree_70",11.5,10.5,14.2
"Tree_70",10.2,11.5,14.2
"Tree_70",9,12.5,14.2
"Tree_70",0,14.2,14.2
"Tree_71",17.7,0.5,13.6
"Tree_71",17.5,1.3,13.6
"Tree_71",16.9,1.5,13.6
"Tree_71",15.6,2.5,13.6
"Tree_71",14.3,3.5,13.6
"Tree_71",13.8,4.5,13.6
"Tree_71",12.7,5.5,13.6
"Tree_71",12.2,6.5,13.6
"Tree_71",11.7,7.5,13.6
"Tree_71",11.3,8.5,13.6
"Tree_71",9.7,9.5,13.6
"Tree_71",8.8,10.5,13.6
"Tree_71",7.1,11.5,13.6
"Tree_71",0,13.6,13.6
"Tree_72",24.1,0.5,14.4
"Tree_72",23.8,1.3,14.4
"Tree_72",23.2,1.5,14.4
"Tree_72",22.3,2.5,14.4
"Tree_72",21.6,3.5,14.4
"Tree_72",20.5,4.5,14.4
"Tree_72",19.4,5.5,14.4
"Tree_72",18.3,6.5,14.4
"Tree_72",17.4,7.5,14.4
"Tree_72",15.8,8.5,14.4
"Tree_72",14.8,9.5,14.4
"Tree_72",13.2,10.5,14.4
"Tree_72",11.6,11.5,14.4
"Tree_72",8.8,12.5,14.4
"Tree_72",0,14.4,14.4
"Tree_73",23.4,0.5,15.1
"Tree_73",22.5,1.3,15.1
"Tree_73",22.4,1.5,15.1
"Tree_73",21.1,2.5,15.1
"Tree_73",19.7,3.5,15.1
"Tree_73",19,4.5,15.1
"Tree_73",18,5.5,15.1
"Tree_73",17,6.5,15.1
"Tree_73",16.1,7.5,15.1
"Tree_73",14.1,8.5,15.1
"Tree_73",13.2,9.5,15.1
"Tree_73",11.3,10.5,15.1
"Tree_73",9.9,11.5,15.1
"Tree_73",8,12.5,15.1
"Tree_73",6.3,13.5,15.1
"Tree_73",0,15.1,15.1
"Tree_74",18.3,0.5,13.6
"Tree_74",18.1,1.3,13.6
"Tree_74",18,1.5,13.6
"Tree_74",16.8,2.5,13.6
"Tree_74",15.8,3.5,13.6
"Tree_74",14.5,4.5,13.6
"Tree_74",13.2,5.5,13.6
"Tree_74",12.1,6.5,13.6
"Tree_74",11.4,7.5,13.6
"Tree_74",10.3,8.5,13.6
"Tree_74",8.7,9.5,13.6
"Tree_74",7.1,10.5,13.6
"Tree_74",5.8,11.5,13.6
"Tree_74",0,13.6,13.6
"Tree_75",21.4,0.5,13.6
"Tree_75",21,1.3,13.6
"Tree_75",20.9,1.5,13.6
"Tree_75",19.2,2.5,13.6
"Tree_75",17.6,3.5,13.6
"Tree_75",16.6,4.5,13.6
"Tree_75",14.8,5.5,13.6
"Tree_75",14.5,6.5,13.6
"Tree_75",14.2,7.5,13.6
"Tree_75",12.9,8.5,13.6
"Tree_75",11.9,9.5,13.6
"Tree_75",10.1,10.5,13.6
"Tree_75",8.3,11.5,13.6
"Tree_75",7,12.5,13.6
"Tree_75",0,13.6,13.6
"Tree_76",26.6,0.5,14.7
"Tree_76",26.3,1.3,14.7
"Tree_76",26,1.5,14.7
"Tree_76",24.6,2.5,14.7
"Tree_76",23.1,3.5,14.7
"Tree_76",21.7,4.5,14.7
"Tree_76",20.5,5.5,14.7
"Tree_76",18.8,6.5,14.7
"Tree_76",17.2,7.5,14.7
"Tree_76",15.6,8.5,14.7
"Tree_76",13.9,9.5,14.7
"Tree_76",12.1,10.5,14.7
"Tree_76",9.5,11.5,14.7
"Tree_76",0,14.7,14.7
"Tree_77",29.7,0.5,20.1
"Tree_77",28.1,1.3,20.1
"Tree_77",28,1.5,20.1
"Tree_77",26.7,2.5,20.1
"Tree_77",25.5,3.5,20.1
"Tree_77",24.3,4.5,20.1
"Tree_77",23.9,5.5,20.1
"Tree_77",23.1,6.5,20.1
"Tree_77",22.6,7.5,20.1
"Tree_77",21.8,8.5,20.1
"Tree_77",20.3,9.5,20.1
"Tree_77",19.4,10.5,20.1
"Tree_77",18.6,11.5,20.1
"Tree_77",17.5,12.5,20.1
"Tree_77",16.1,13.5,20.1
"Tree_77",14.3,14.5,20.1
"Tree_77",12.9,15.5,20.1
"Tree_77",10.8,16.5,20.1
"Tree_77",9,17.5,20.1
"Tree_77",0,20.1,20.1
"Tree_78",21,0.5,16.6
"Tree_78",20.1,1.3,16.6
"Tree_78",20,1.5,16.6
"Tree_78",19.2,2.5,16.6
"Tree_78",17.9,3.5,16.6
"Tree_78",17.2,4.5,16.6
"Tree_78",16.1,5.5,16.6
"Tree_78",15.5,6.5,16.6
"Tree_78",14.3,7.5,16.6
"Tree_78",13.9,8.5,16.6
"Tree_78",12.8,9.5,16.6
"Tree_78",12.4,10.5,16.6
"Tree_78",11.4,11.5,16.6
"Tree_78",10.2,12.5,16.6
"Tree_78",8.4,13.5,16.6
"Tree_78",7,14.5,16.6
"Tree_78",0,16.6,16.6
"Tree_79",25.6,0.5,16.1
"Tree_79",24.7,1.3,16.1
"Tree_79",24.1,1.5,16.1
"Tree_79",23.4,2.5,16.1
"Tree_79",22.4,3.5,16.1
"Tree_79",21.5,4.5,16.1
"Tree_79",20.4,5.5,16.1
"Tree_79",18.8,6.5,16.1
"Tree_79",17.3,7.5,16.1
"Tree_79",16,8.5,16.1
"Tree_79",14.4,9.5,16.1
"Tree_79",13.7,10.5,16.1
"Tree_79",11.3,11.5,16.1
"Tree_79",9.9,12.5,16.1
"Tree_79",8,13.5,16.1
"Tree_79",0,16.1,16.1
"Tree_80",23.7,0.5,17.6
"Tree_80",23.2,1.3,17.6
"Tree_80",23,1.5,17.6
"Tree_80",21.4,2.5,17.6
"Tree_80",20,3.5,17.6
"Tree_80",18.7,4.5,17.6
"Tree_80",17.2,5.5,17.6
"Tree_80",15.8,6.5,17.6
"Tree_80",14.5,7.5,17.6
"Tree_80",13.3,8.5,17.6
"Tree_80",12.5,9.5,17.6
"Tree_80",11.1,10.5,17.6
"Tree_80",10.7,11.5,17.6
"Tree_80",9.8,12.5,17.6
"Tree_80",9.2,13.5,17.6
"Tree_80",8,14.5,17.6
"Tree_80",7.3,15.5,17.6
"Tree_80",0,17.6,17.6
"Tree_81",37.4,0.5,22.1
"Tree_81",36.9,1.3,22.1
"Tree_81",36.8,1.5,22.1
"Tree_81",34.5,2.5,22.1
"Tree_81",34.3,3.5,22.1
"Tree_81",31.9,4.5,22.1
"Tree_81",30.9,5.5,22.1
"Tree_81",29.8,6.5,22.1
"Tree_81",28.8,7.5,22.1
"Tree_81",27.7,8.5,22.1
"Tree_81",26.9,9.5,22.1
"Tree_81",26,10.5,22.1
"Tree_81",25.1,11.5,22.1
"Tree_81",24.3,12.5,22.1
"Tree_81",23.6,13.5,22.1
"Tree_81",22.8,14.5,22.1
"Tree_81",22.1,15.5,22.1
"Tree_81",20.3,16.5,22.1
"Tree_81",18.7,17.5,22.1
"Tree_81",17.1,18.5,22.1
"Tree_81",15.2,19.5,22.1
"Tree_81",13.5,20.5,22.1
"Tree_81",12.6,21.5,22.1
"Tree_81",0,22.1,22.1
"Tree_82",25.1,0.5,18.1
"Tree_82",24.4,1.3,18.1
"Tree_82",23.4,1.5,18.1
"Tree_82",22,2.5,18.1
"Tree_82",20.7,3.5,18.1
"Tree_82",19.4,4.5,18.1
"Tree_82",19,5.5,18.1
"Tree_82",17.1,6.5,18.1
"Tree_82",16.9,7.5,18.1
"Tree_82",15.9,8.5,18.1
"Tree_82",14.8,9.5,18.1
"Tree_82",13.9,10.5,18.1
"Tree_82",13.8,11.5,18.1
"Tree_82",13,12.5,18.1
"Tree_82",12.8,13.5,18.1
"Tree_82",12.6,14.5,18.1
"Tree_82",11.8,15.5,18.1
"Tree_82",11.1,16.5,18.1
"Tree_82",10.9,17.5,18.1
"Tree_82",0,18.1,18.1
"Tree_83",26.5,0.5,22.5
"Tree_83",26.1,1.3,22.5
"Tree_83",26,1.5,22.5
"Tree_83",24.8,2.5,22.5
"Tree_83",23.3,3.5,22.5
"Tree_83",22.1,4.5,22.5
"Tree_83",20.8,5.5,22.5
"Tree_83",19.6,6.5,22.5
"Tree_83",19.4,7.5,22.5
"Tree_83",18.4,8.5,22.5
"Tree_83",18.2,9.5,22.5
"Tree_83",18.1,10.5,22.5
"Tree_83",17.8,11.5,22.5
"Tree_83",17.2,12.5,22.5
"Tree_83",17,13.5,22.5
"Tree_83",16.3,14.5,22.5
"Tree_83",16,15.5,22.5
"Tree_83",15.4,16.5,22.5
"Tree_83",14.5,17.5,22.5
"Tree_83",13.7,18.5,22.5
"Tree_83",12.8,19.5,22.5
"Tree_83",12.1,20.5,22.5
"Tree_83",11.8,21.5,22.5
"Tree_83",0,22.5,22.5
"Tree_84",30.2,0.5,22.5
"Tree_84",28.9,1.3,22.5
"Tree_84",28.8,1.5,22.5
"Tree_84",27.6,2.5,22.5
"Tree_84",27.1,3.5,22.5
"Tree_84",26.1,4.5,22.5
"Tree_84",25.6,5.5,22.5
"Tree_84",24.6,6.5,22.5
"Tree_84",24.3,7.5,22.5
"Tree_84",23.5,8.5,22.5
"Tree_84",22.7,9.5,22.5
"Tree_84",21.4,10.5,22.5
"Tree_84",20.1,11.5,22.5
"Tree_84",19.4,12.5,22.5
"Tree_84",17.5,13.5,22.5
"Tree_84",16.4,14.5,22.5
"Tree_84",15.1,15.5,22.5
"Tree_84",14,16.5,22.5
"Tree_84",13.4,17.5,22.5
"Tree_84",12.2,18.5,22.5
"Tree_84",11.7,19.5,22.5
"Tree_84",10.5,20.5,22.5
"Tree_84",8.3,21.5,22.5
"Tree_84",0,22.5,22.5
"Tree_85",21.3,0.5,19.5
"Tree_85",20.6,1.3,19.5
"Tree_85",20.5,1.5,19.5
"Tree_85",19.5,2.5,19.5
"Tree_85",18.9,3.5,19.5
"Tree_85",17.7,4.5,19.5
"Tree_85",16.6,5.5,19.5
"Tree_85",15.5,6.5,19.5
"Tree_85",15.1,7.5,19.5
"Tree_85",14.8,8.5,19.5
"Tree_85",14.1,9.5,19.5
"Tree_85",13.9,10.5,19.5
"Tree_85",13.3,11.5,19.5
"Tree_85",12.3,12.5,19.5
"Tree_85",11.5,13.5,19.5
"Tree_85",10.8,14.5,19.5
"Tree_85",9.6,15.5,19.5
"Tree_85",9,16.5,19.5
"Tree_85",8.2,17.5,19.5
"Tree_85",6.8,18.5,19.5
"Tree_85",0,19.5,19.5
"Tree_86",30.9,0.5,21.5
"Tree_86",30.1,1.3,21.5
"Tree_86",29.3,1.5,21.5
"Tree_86",28.6,2.5,21.5
"Tree_86",28.1,3.5,21.5
"Tree_86",26.7,4.5,21.5
"Tree_86",25.5,5.5,21.5
"Tree_86",24.4,6.5,21.5
"Tree_86",23.6,7.5,21.5
"Tree_86",23.3,8.5,21.5
"Tree_86",22.2,9.5,21.5
"Tree_86",20.6,10.5,21.5
"Tree_86",19.7,11.5,21.5
"Tree_86",18.5,12.5,21.5
"Tree_86",17.8,13.5,21.5
"Tree_86",16.8,14.5,21.5
"Tree_86",15.6,15.5,21.5
"Tree_86",15,16.5,21.5
"Tree_86",13.7,17.5,21.5
"Tree_86",11.9,18.5,21.5
"Tree_86",9.7,19.5,21.5
"Tree_86",7.9,20.5,21.5
"Tree_86",0,21.5,21.5
"Tree_87",30.2,0.5,16.4
"Tree_87",30,1.3,16.4
"Tree_87",29.1,1.5,16.4
"Tree_87",28.2,2.5,16.4
"Tree_87",26.9,3.5,16.4
"Tree_87",24.6,4.5,16.4
"Tree_87",23.8,5.5,16.4
"Tree_87",21.8,6.5,16.4
"Tree_87",21,7.5,16.4
"Tree_87",18.5,8.5,16.4
"Tree_87",17.4,9.5,16.4
"Tree_87",16.7,10.5,16.4
"Tree_87",15.6,11.5,16.4
"Tree_87",13.8,12.5,16.4
"Tree_87",12.7,13.5,16.4
"Tree_87",11.2,14.5,16.4
"Tree_87",9.3,15.5,16.4
"Tree_87",0,16.4,16.4
"Tree_88",26.9,0.5,18.3
"Tree_88",26.3,1.3,18.3
"Tree_88",26.2,1.5,18.3
"Tree_88",25.4,2.5,18.3
"Tree_88",24.6,3.5,18.3
"Tree_88",22.7,4.5,18.3
"Tree_88",21.8,5.5,18.3
"Tree_88",20.8,6.5,18.3
"Tree_88",19.3,7.5,18.3
"Tree_88",18.6,8.5,18.3
"Tree_88",17.9,9.5,18.3
"Tree_88",17,10.5,18.3
"Tree_88",15.7,11.5,18.3
"Tree_88",14.8,12.5,18.3
"Tree_88",14,13.5,18.3
"Tree_88",12.6,14.5,18.3
"Tree_88",11.2,15.5,18.3
"Tree_88",9.7,16.5,18.3
"Tree_88",7.7,17.5,18.3
"Tree_88",0,18.3,18.3
"Tree_89",28.5,0.5,22.5
"Tree_89",27.4,1.3,22.5
"Tree_89",27.3,1.5,22.5
"Tree_89",26.7,2.5,22.5
"Tree_89",24.9,3.5,22.5
"Tree_89",23.9,4.5,22.5
"Tree_89",22.9,5.5,22.5
"Tree_89",22.7,6.5,22.5
"Tree_89",21.9,7.5,22.5
"Tree_89",21.2,8.5,22.5
"Tree_89",20.5,9.5,22.5
"Tree_89",20.4,10.5,22.5
"Tree_89",19.9,11.5,22.5
"Tree_89",19.3,12.5,22.5
"Tree_89",18.1,13.5,22.5
"Tree_89",17.5,14.5,22.5
"Tree_89",17,15.5,22.5
"Tree_89",16.5,16.5,22.5
"Tree_89",11.2,17.5,22.5
"Tree_89",14.5,18.5,22.5
"Tree_89",13.2,19.5,22.5
"Tree_89",12.6,20.5,22.5
"Tree_89",11.3,21.5,22.5
"Tree_89",0,22.5,22.5
"Tree_90",34.3,0.5,22.5
"Tree_90",33.8,1.3,22.5
"Tree_90",33.6,1.5,22.5
"Tree_90",32.9,2.5,22.5
"Tree_90",32.3,3.5,22.5
"Tree_90",31.9,4.5,22.5
"Tree_90",29.9,5.5,22.5
"Tree_90",28.9,6.5,22.5
"Tree_90",27.2,7.5,22.5
"Tree_90",26.4,8.5,22.5
"Tree_90",24.9,9.5,22.5
"Tree_90",23.5,10.5,22.5
"Tree_90",22.9,11.5,22.5
"Tree_90",21.6,12.5,22.5
"Tree_90",21.1,13.5,22.5
"Tree_90",20.6,14.5,22.5
"Tree_90",20.1,15.5,22.5
"Tree_90",18.9,16.5,22.5
"Tree_90",17.8,17.5,22.5
"Tree_90",16.5,18.5,22.5
"Tree_90",16.1,19.5,22.5
"Tree_90",15.6,20.5,22.5
"Tree_90",14.3,21.5,22.5
"Tree_90",0,22.5,22.5
"Tree_91",41.8,0.5,22.3
"Tree_91",37.8,1.3,22.3
"Tree_91",37.5,1.5,22.3
"Tree_91",36.1,2.5,22.3
"Tree_91",34,3.5,22.3
"Tree_91",33.6,4.5,22.3
"Tree_91",31.6,5.5,22.3
"Tree_91",29.7,6.5,22.3
"Tree_91",28.7,7.5,22.3
"Tree_91",27.8,8.5,22.3
"Tree_91",27,9.5,22.3
"Tree_91",26.2,10.5,22.3
"Tree_91",25.4,11.5,22.3
"Tree_91",24,12.5,22.3
"Tree_91",23.4,13.5,22.3
"Tree_91",22.8,14.5,22.3
"Tree_91",22,15.5,22.3
"Tree_91",20.7,16.5,22.3
"Tree_91",20,17.5,22.3
"Tree_91",18.6,18.5,22.3
"Tree_91",17.9,19.5,22.3
"Tree_91",15.7,20.5,22.3
"Tree_91",13.4,21.5,22.3
"Tree_91",0,22.3,22.3
"Tree_92",37.9,0.5,22.2
"Tree_92",37.3,1.3,22.2
"Tree_92",37,1.5,22.2
"Tree_92",34.8,2.5,22.2
"Tree_92",33.6,3.5,22.2
"Tree_92",32.5,4.5,22.2
"Tree_92",31.4,5.5,22.2
"Tree_92",30.5,6.5,22.2
"Tree_92",29.1,7.5,22.2
"Tree_92",27.7,8.5,22.2
"Tree_92",27.2,9.5,22.2
"Tree_92",26.7,10.5,22.2
"Tree_92",24.9,11.5,22.2
"Tree_92",24,12.5,22.2
"Tree_92",23.5,13.5,22.2
"Tree_92",22.7,14.5,22.2
"Tree_92",21.5,15.5,22.2
"Tree_92",19.9,16.5,22.2
"Tree_92",18.4,17.5,22.2
"Tree_92",16.6,18.5,22.2
"Tree_92",14.1,19.5,22.2
"Tree_92",12.8,20.5,22.2
"Tree_92",11.4,21.5,22.2
"Tree_92",0,22.2,22.2
"Tree_93",26.4,0.5,21.5
"Tree_93",26.1,1.3,21.5
"Tree_93",25.5,1.5,21.5
"Tree_93",23.9,2.5,21.5
"Tree_93",22.6,3.5,21.5
"Tree_93",21.9,4.5,21.5
"Tree_93",21.4,5.5,21.5
"Tree_93",20.3,6.5,21.5
"Tree_93",19.4,7.5,21.5
"Tree_93",19,8.5,21.5
"Tree_93",18.3,9.5,21.5
"Tree_93",18.1,10.5,21.5
"Tree_93",17.9,11.5,21.5
"Tree_93",17,12.5,21.5
"Tree_93",16.2,13.5,21.5
"Tree_93",14.8,14.5,21.5
"Tree_93",13.9,15.5,21.5
"Tree_93",13,16.5,21.5
"Tree_93",11.9,17.5,21.5
"Tree_93",10.8,18.5,21.5
"Tree_93",9.7,19.5,21.5
"Tree_93",8.4,20.5,21.5
"Tree_93",0,21.5,21.5
"Tree_94",31,0.5,21.5
"Tree_94",30.5,1.3,21.5
"Tree_94",30.4,1.5,21.5
"Tree_94",29.6,2.5,21.5
"Tree_94",27.3,3.5,21.5
"Tree_94",26.5,4.5,21.5
"Tree_94",25.6,5.5,21.5
"Tree_94",25,6.5,21.5
"Tree_94",24.4,7.5,21.5
"Tree_94",23.3,8.5,21.5
"Tree_94",22.5,9.5,21.5
"Tree_94",21.8,10.5,21.5
"Tree_94",20.5,11.5,21.5
"Tree_94",19.4,12.5,21.5
"Tree_94",18.9,13.5,21.5
"Tree_94",18.3,14.5,21.5
"Tree_94",17,15.5,21.5
"Tree_94",15.6,16.5,21.5
"Tree_94",15.1,17.5,21.5
"Tree_94",12.9,18.5,21.5
"Tree_94",11.3,19.5,21.5
"Tree_94",10,20.5,21.5
"Tree_94",0,21.5,21.5
"Tree_95",28.6,0.5,19.5
"Tree_95",28.4,1.3,19.5
"Tree_95",28,1.5,19.5
"Tree_95",26.6,2.5,19.5
"Tree_95",25.7,3.5,19.5
"Tree_95",24,4.5,19.5
"Tree_95",22.4,5.5,19.5
"Tree_95",21.6,6.5,19.5
"Tree_95",21,7.5,19.5
"Tree_95",20.2,8.5,19.5
"Tree_95",19.6,9.5,19.5
"Tree_95",19,10.5,19.5
"Tree_95",18.3,11.5,19.5
"Tree_95",16.9,12.5,19.5
"Tree_95",15.4,13.5,19.5
"Tree_95",14.7,14.5,19.5
"Tree_95",13.2,15.5,19.5
"Tree_95",12.4,16.5,19.5
"Tree_95",11.7,17.5,19.5
"Tree_95",10,18.5,19.5
"Tree_95",0,19.5,19.5
"Tree_96",29.4,0.5,19.4
"Tree_96",29.1,1.3,19.4
"Tree_96",29,1.5,19.4
"Tree_96",27.4,2.5,19.4
"Tree_96",25.8,3.5,19.4
"Tree_96",25,4.5,19.4
"Tree_96",23.6,5.5,19.4
"Tree_96",22.2,6.5,19.4
"Tree_96",21,7.5,19.4
"Tree_96",19.7,8.5,19.4
"Tree_96",18.4,9.5,19.4
"Tree_96",17.9,10.5,19.4
"Tree_96",16.8,11.5,19.4
"Tree_96",15.5,12.5,19.4
"Tree_96",15.1,13.5,19.4
"Tree_96",14.5,14.5,19.4
"Tree_96",13.3,15.5,19.4
"Tree_96",12,16.5,19.4
"Tree_96",10.5,17.5,19.4
"Tree_96",9,18.5,19.4
"Tree_96",0,19.4,19.4
"Tree_97",28.2,0.5,18.4
"Tree_97",28,1.3,18.4
"Tree_97",27.9,1.5,18.4
"Tree_97",27,2.5,18.4
"Tree_97",25.3,3.5,18.4
"Tree_97",23.7,4.5,18.4
"Tree_97",22.2,5.5,18.4
"Tree_97",21.5,6.5,18.4
"Tree_97",20.8,7.5,18.4
"Tree_97",19.3,8.5,18.4
"Tree_97",18.8,9.5,18.4
"Tree_97",17.3,10.5,18.4
"Tree_97",16.8,11.5,18.4
"Tree_97",15.3,12.5,18.4
"Tree_97",14.8,13.5,18.4
"Tree_97",13.3,14.5,18.4
"Tree_97",12.7,15.5,18.4
"Tree_97",11.1,16.5,18.4
"Tree_97",10.4,17.5,18.4
"Tree_97",0,18.4,18.4
"Tree_98",30.1,0.5,20.1
"Tree_98",29.9,1.3,20.1
"Tree_98",29.8,1.5,20.1
"Tree_98",28.9,2.5,20.1
"Tree_98",27.7,3.5,20.1
"Tree_98",26.3,4.5,20.1
"Tree_98",24.8,5.5,20.1
"Tree_98",23.3,6.5,20.1
"Tree_98",22.1,7.5,20.1
"Tree_98",20.5,8.5,20.1
"Tree_98",19.6,9.5,20.1
"Tree_98",18,10.5,20.1
"Tree_98",17.2,11.5,20.1
"Tree_98",16.5,12.5,20.1
"Tree_98",15.3,13.5,20.1
"Tree_98",15.1,14.5,20.1
"Tree_98",14.3,15.5,20.1
"Tree_98",13.6,16.5,20.1
"Tree_98",12.9,17.5,20.1
"Tree_98",11.3,18.5,20.1
"Tree_98",10.3,19.5,20.1
"Tree_98",0,20.1,20.1
"Tree_99",28.6,0.5,19.6
"Tree_99",28.4,1.3,19.6
"Tree_99",28.3,1.5,19.6
"Tree_99",27.3,2.5,19.6
"Tree_99",26.2,3.5,19.6
"Tree_99",25.2,4.5,19.6
"Tree_99",24.3,5.5,19.6
"Tree_99",22.4,6.5,19.6
"Tree_99",21.5,7.5,19.6
"Tree_99",20.7,8.5,19.6
"Tree_99",19.9,9.5,19.6
"Tree_99",18.1,10.5,19.6
"Tree_99",17.3,11.5,19.6
"Tree_99",16.6,12.5,19.6
"Tree_99",15.8,13.5,19.6
"Tree_99",15,14.5,19.6
"Tree_99",14.2,15.5,19.6
"Tree_99",13.4,16.5,19.6
"Tree_99",12.6,17.5,19.6
"Tree_99",11.7,18.5,19.6
"Tree_99",10.9,19.5,19.6
"Tree_99",0,19.6,19.6
"Tree_100",24.5,0.5,16.3
"Tree_100",24,1.3,16.3
"Tree_100",23.7,1.5,16.3
"Tree_100",22.1,2.5,16.3
"Tree_100",20.9,3.5,16.3
"Tree_100",19.8,4.5,16.3
"Tree_100",17.9,5.5,16.3
"Tree_100",16.7,6.5,16.3
"Tree_100",15.7,7.5,16.3
"Tree_100",15.1,8.5,16.3
"Tree_100",14.8,9.5,16.3
"Tree_100",14.5,10.5,16.3
"Tree_100",13.9,11.5,16.3
"Tree_100",12.9,12.5,16.3
"Tree_100",12.1,13.5,16.3
"Tree_100",11.8,14.5,16.3
"Tree_100",11.2,15.5,16.3
"Tree_100",0,16.3,16.3
"Tree_101",26.6,0.5,20.5
"Tree_101",26.2,1.3,20.5
"Tree_101",26,1.5,20.5
"Tree_101",25.1,2.5,20.5
"Tree_101",24,3.5,20.5
"Tree_101",23,4.5,20.5
"Tree_101",21.7,5.5,20.5
"Tree_101",21.1,6.5,20.5
"Tree_101",20.1,7.5,20.5
"Tree_101",19.2,8.5,20.5
"Tree_101",18.3,9.5,20.5
"Tree_101",17.4,10.5,20.5
"Tree_101",16.5,11.5,20.5
"Tree_101",15.7,12.5,20.5
"Tree_101",15.1,13.5,20.5
"Tree_101",14.3,14.5,20.5
"Tree_101",14,15.5,20.5
"Tree_101",13.5,16.5,20.5
"Tree_101",12.6,17.5,20.5
"Tree_101",11.8,18.5,20.5
"Tree_101",11,19.5,20.5
"Tree_101",0,20.5,20.5
"Tree_102",34,0.5,21.2
"Tree_102",33.8,1.3,21.2
"Tree_102",33.7,1.5,21.2
"Tree_102",31.7,2.5,21.2
"Tree_102",29.9,3.5,21.2
"Tree_102",28.1,4.5,21.2
"Tree_102",26.4,5.5,21.2
"Tree_102",24.7,6.5,21.2
"Tree_102",23.1,7.5,21.2
"Tree_102",22.3,8.5,21.2
"Tree_102",20.8,9.5,21.2
"Tree_102",19.2,10.5,21.2
"Tree_102",18.6,11.5,21.2
"Tree_102",17.9,12.5,21.2
"Tree_102",16.4,13.5,21.2
"Tree_102",15.7,14.5,21.2
"Tree_102",14.1,15.5,21.2
"Tree_102",13.4,16.5,21.2
"Tree_102",12.7,17.5,21.2
"Tree_102",12,18.5,21.2
"Tree_102",11.2,19.5,21.2
"Tree_102",10.6,20.5,21.2
"Tree_102",0,21.2,21.2
"Tree_103",33.9,0.5,22.5
"Tree_103",33.4,1.3,22.5
"Tree_103",33.1,1.5,22.5
"Tree_103",31.7,2.5,22.5
"Tree_103",30.6,3.5,22.5
"Tree_103",29.6,4.5,22.5
"Tree_103",28.6,5.5,22.5
"Tree_103",26.7,6.5,22.5
"Tree_103",25.6,7.5,22.5
"Tree_103",24.9,8.5,22.5
"Tree_103",24,9.5,22.5
"Tree_103",23.1,10.5,22.5
"Tree_103",22.4,11.5,22.5
"Tree_103",21.5,12.5,22.5
"Tree_103",20.7,13.5,22.5
"Tree_103",19.9,14.5,22.5
"Tree_103",19.2,15.5,22.5
"Tree_103",18.3,16.5,22.5
"Tree_103",17.6,17.5,22.5
"Tree_103",16.7,18.5,22.5
"Tree_103",15.9,19.5,22.5
"Tree_103",15,20.5,22.5
"Tree_103",13.8,21.5,22.5
"Tree_103",0,22.5,22.5
"Tree_104",27.8,0.5,20.5
"Tree_104",27.7,1.3,20.5
"Tree_104",26.9,1.5,20.5
"Tree_104",25.2,2.5,20.5
"Tree_104",24.5,3.5,20.5
"Tree_104",23,4.5,20.5
"Tree_104",21.6,5.5,20.5
"Tree_104",21,6.5,20.5
"Tree_104",20.4,7.5,20.5
"Tree_104",19.8,8.5,20.5
"Tree_104",19.1,9.5,20.5
"Tree_104",18.6,10.5,20.5
"Tree_104",18.2,11.5,20.5
"Tree_104",17.5,12.5,20.5
"Tree_104",16.3,13.5,20.5
"Tree_104",15.8,14.5,20.5
"Tree_104",14.5,15.5,20.5
"Tree_104",13.1,16.5,20.5
"Tree_104",12.5,17.5,20.5
"Tree_104",11,18.5,20.5
"Tree_104",9.4,19.5,20.5
"Tree_104",0,20.5,20.5
"Tree_105",26.6,0.5,16.4
"Tree_105",26.4,1.3,16.4
"Tree_105",26,1.5,16.4
"Tree_105",25.4,2.5,16.4
"Tree_105",24.4,3.5,16.4
"Tree_105",23.4,4.5,16.4
"Tree_105",22.5,5.5,16.4
"Tree_105",21.5,6.5,16.4
"Tree_105",20.6,7.5,16.4
"Tree_105",19.8,8.5,16.4
"Tree_105",18.9,9.5,16.4
"Tree_105",17.2,10.5,16.4
"Tree_105",16.4,11.5,16.4
"Tree_105",14.5,12.5,16.4
"Tree_105",13.7,13.5,16.4
"Tree_105",12.8,14.5,16.4
"Tree_105",10.9,15.5,16.4
"Tree_105",0,16.4,16.4
"Tree_106",35.2,0.5,21.6
"Tree_106",35,1.3,21.6
"Tree_106",34.9,1.5,21.6
"Tree_106",33,2.5,21.6
"Tree_106",31.3,3.5,21.6
"Tree_106",29.7,4.5,21.6
"Tree_106",28.1,5.5,21.6
"Tree_106",26.6,6.5,21.6
"Tree_106",25.1,7.5,21.6
"Tree_106",24.5,8.5,21.6
"Tree_106",23.9,9.5,21.6
"Tree_106",23.4,10.5,21.6
"Tree_106",22.8,11.5,21.6
"Tree_106",22.4,12.5,21.6
"Tree_106",21.1,13.5,21.6
"Tree_106",20.6,14.5,21.6
"Tree_106",20,15.5,21.6
"Tree_106",19,16.5,21.6
"Tree_106",17.5,17.5,21.6
"Tree_106",17,18.5,21.6
"Tree_106",15.4,19.5,21.6
"Tree_106",13.9,20.5,21.6
"Tree_106",12,21.5,21.6
"Tree_106",0,21.6,21.6
"Tree_107",36.7,0.5,22
"Tree_107",36.5,1.3,22
"Tree_107",36.4,1.5,22
"Tree_107",35.2,2.5,22
"Tree_107",34.2,3.5,22
"Tree_107",33.1,4.5,22
"Tree_107",32.2,5.5,22
"Tree_107",31.2,6.5,22
"Tree_107",30.5,7.5,22
"Tree_107",29.7,8.5,22
"Tree_107",29,9.5,22
"Tree_107",28.3,10.5,22
"Tree_107",27.7,11.5,22
"Tree_107",26.2,12.5,22
"Tree_107",25.6,13.5,22
"Tree_107",24.1,14.5,22
"Tree_107",23.5,15.5,22
"Tree_107",22.9,16.5,22
"Tree_107",21.3,17.5,22
"Tree_107",19.9,18.5,22
"Tree_107",18.1,19.5,22
"Tree_107",17.4,20.5,22
"Tree_107",15.9,21.5,22
"Tree_107",0,22,22
"Tree_108",40.5,0.5,22.5
"Tree_108",40.2,1.3,22.5
"Tree_108",40.2,1.5,22.5
"Tree_108",39.2,2.5,22.5
"Tree_108",38.2,3.5,22.5
"Tree_108",37.3,4.5,22.5
"Tree_108",35.6,5.5,22.5
"Tree_108",34,6.5,22.5
"Tree_108",32.4,7.5,22.5
"Tree_108",30.8,8.5,22.5
"Tree_108",29.4,9.5,22.5
"Tree_108",18.7,10.5,22.5
"Tree_108",27.3,11.5,22.5
"Tree_108",26.7,12.5,22.5
"Tree_108",25.4,13.5,22.5
"Tree_108",24.6,14.5,22.5
"Tree_108",23.2,15.5,22.5
"Tree_108",21.7,16.5,22.5
"Tree_108",20.1,17.5,22.5
"Tree_108",18.6,18.5,22.5
"Tree_108",16.9,19.5,22.5
"Tree_108",15.1,20.5,22.5
"Tree_108",13.2,21.5,22.5
"Tree_108",0,22.5,22.5
"Tree_109",34.7,0.5,22.5
"Tree_109",34.5,1.3,22.5
"Tree_109",34.4,1.5,22.5
"Tree_109",33.2,2.5,22.5
"Tree_109",32.1,3.5,22.5
"Tree_109",31.1,4.5,22.5
"Tree_109",30.1,5.5,22.5
"Tree_109",29.1,6.5,22.5
"Tree_109",28.3,7.5,22.5
"Tree_109",27.4,8.5,22.5
"Tree_109",26.7,9.5,22.5
"Tree_109",25.9,10.5,22.5
"Tree_109",25.1,11.5,22.5
"Tree_109",24.5,12.5,22.5
"Tree_109",23.8,13.5,22.5
"Tree_109",22.2,14.5,22.5
"Tree_109",21.6,15.5,22.5
"Tree_109",20.8,16.5,22.5
"Tree_109",19.1,17.5,22.5
"Tree_109",18.5,18.5,22.5
"Tree_109",17.9,19.5,22.5
"Tree_109",16.2,20.5,22.5
"Tree_109",15.1,21.5,22.5
"Tree_109",0,22.5,22.5
"Tree_110",39.4,0.5,21.5
"Tree_110",39.2,1.3,21.5
"Tree_110",39,1.5,21.5
"Tree_110",37.9,2.5,21.5
"Tree_110",36,3.5,21.5
"Tree_110",35,4.5,21.5
"Tree_110",33.2,5.5,21.5
"Tree_110",31.5,6.5,21.5
"Tree_110",29.9,7.5,21.5
"Tree_110",28.3,8.5,21.5
"Tree_110",26.7,9.5,21.5
"Tree_110",25.3,10.5,21.5
"Tree_110",24,11.5,21.5
"Tree_110",22.4,12.5,21.5
"Tree_110",21.8,13.5,21.5
"Tree_110",20.4,14.5,21.5
"Tree_110",18.9,15.5,21.5
"Tree_110",17.4,16.5,21.5
"Tree_110",15.9,17.5,21.5
"Tree_110",14.3,18.5,21.5
"Tree_110",12.6,19.5,21.5
"Tree_110",11,20.5,21.5
"Tree_110",0,21.5,21.5
"Tree_111",36.3,0.5,22.5
"Tree_111",34.3,1.3,22.5
"Tree_111",34.2,1.5,22.5
"Tree_111",33.2,2.5,22.5
"Tree_111",32.2,3.5,22.5
"Tree_111",31.4,4.5,22.5
"Tree_111",29.8,5.5,22.5
"Tree_111",29,6.5,22.5
"Tree_111",27.6,7.5,22.5
"Tree_111",27,8.5,22.5
"Tree_111",25.6,9.5,22.5
"Tree_111",25,10.5,22.5
"Tree_111",24.6,11.5,22.5
"Tree_111",24.1,12.5,22.5
"Tree_111",23.5,13.5,22.5
"Tree_111",22.3,14.5,22.5
"Tree_111",21.5,15.5,22.5
"Tree_111",21.3,16.5,22.5
"Tree_111",20,17.5,22.5
"Tree_111",19.1,18.5,22.5
"Tree_111",17.8,19.5,22.5
"Tree_111",16.2,20.5,22.5
"Tree_111",15.6,21.5,22.5
"Tree_111",0,22.5,22.5
"Tree_112",36.6,0.5,21.7
"Tree_112",35.5,1.3,21.7
"Tree_112",34.9,1.5,21.7
"Tree_112",33,2.5,21.7
"Tree_112",31.3,3.5,21.7
"Tree_112",29.8,4.5,21.7
"Tree_112",28.3,5.5,21.7
"Tree_112",27,6.5,21.7
"Tree_112",25.7,7.5,21.7
"Tree_112",23.7,8.5,21.7
"Tree_112",22.5,9.5,21.7
"Tree_112",21.4,10.5,21.7
"Tree_112",20.2,11.5,21.7
"Tree_112",19.9,12.5,21.7
"Tree_112",19.5,13.5,21.7
"Tree_112",18.2,14.5,21.7
"Tree_112",17.8,15.5,21.7
"Tree_112",16.7,16.5,21.7
"Tree_112",15.3,17.5,21.7
"Tree_112",14.7,18.5,21.7
"Tree_112",14,19.5,21.7
"Tree_112",12.9,20.5,21.7
"Tree_112",11,21.5,21.7
"Tree_112",0,21.7,21.7
"Tree_113",35.7,0.5,19.8
"Tree_113",35,1.3,19.8
"Tree_113",34.6,1.5,19.8
"Tree_113",32.9,2.5,19.8
"Tree_113",31.7,3.5,19.8
"Tree_113",30.7,4.5,19.8
"Tree_113",30,5.5,19.8
"Tree_113",28.9,6.5,19.8
"Tree_113",28,7.5,19.8
"Tree_113",26.9,8.5,19.8
"Tree_113",26,9.5,19.8
"Tree_113",24.8,10.5,19.8
"Tree_113",24,11.5,19.8
"Tree_113",23.1,12.5,19.8
"Tree_113",21.3,13.5,19.8
"Tree_113",19.8,14.5,19.8
"Tree_113",18.4,15.5,19.8
"Tree_113",16.7,16.5,19.8
"Tree_113",14.9,17.5,19.8
"Tree_113",12.8,18.5,19.8
"Tree_113",10.6,19.5,19.8
"Tree_113",0,19.8,19.8
"Tree_114",26.9,0.5,17.8
"Tree_114",26.1,1.3,17.8
"Tree_114",26,1.5,17.8
"Tree_114",24.7,2.5,17.8
"Tree_114",23.4,3.5,17.8
"Tree_114",22.2,4.5,17.8
"Tree_114",21.2,5.5,17.8
"Tree_114",20,6.5,17.8
"Tree_114",18.9,7.5,17.8
"Tree_114",18,8.5,17.8
"Tree_114",17.1,9.5,17.8
"Tree_114",16.2,10.5,17.8
"Tree_114",14.7,11.5,17.8
"Tree_114",13.5,12.5,17.8
"Tree_114",12,13.5,17.8
"Tree_114",11.3,14.5,17.8
"Tree_114",10.1,15.5,17.8
"Tree_114",8.3,16.5,17.8
"Tree_114",6.8,17.5,17.8
"Tree_114",0,17.8,17.8
"Tree_115",35.7,0.5,19.9
"Tree_115",35,1.3,19.9
"Tree_115",34.9,1.5,19.9
"Tree_115",34,2.5,19.9
"Tree_115",32.8,3.5,19.9
"Tree_115",31.7,4.5,19.9
"Tree_115",30.4,5.5,19.9
"Tree_115",29.1,6.5,19.9
"Tree_115",28,7.5,19.9
"Tree_115",27,8.5,19.9
"Tree_115",25.6,9.5,19.9
"Tree_115",24.8,10.5,19.9
"Tree_115",23.6,11.5,19.9
"Tree_115",21.8,12.5,19.9
"Tree_115",20.4,13.5,19.9
"Tree_115",18.4,14.5,19.9
"Tree_115",16.7,15.5,19.9
"Tree_115",14.5,16.5,19.9
"Tree_115",12.1,17.5,19.9
"Tree_115",10.3,18.5,19.9
"Tree_115",8.4,19.5,19.9
"Tree_115",0,19.9,19.9
"Tree_116",28.8,0.5,20.1
"Tree_116",28,1.3,20.1
"Tree_116",27.8,1.5,20.1
"Tree_116",26.2,2.5,20.1
"Tree_116",24.6,3.5,20.1
"Tree_116",23.7,4.5,20.1
"Tree_116",22.5,5.5,20.1
"Tree_116",21.2,6.5,20.1
"Tree_116",20.1,7.5,20.1
"Tree_116",19.2,8.5,20.1
"Tree_116",18.3,9.5,20.1
"Tree_116",17,10.5,20.1
"Tree_116",16.2,11.5,20.1
"Tree_116",14.9,12.5,20.1
"Tree_116",13.4,13.5,20.1
"Tree_116",12,14.5,20.1
"Tree_116",10.7,15.5,20.1
"Tree_116",9.2,16.5,20.1
"Tree_116",8.1,17.5,20.1
"Tree_116",7,18.5,20.1
"Tree_116",0,20.1,20.1
"Tree_117",39,0.5,19.8
"Tree_117",38.4,1.3,19.8
"Tree_117",38,1.5,19.8
"Tree_117",37,2.5,19.8
"Tree_117",35.9,3.5,19.8
"Tree_117",33.9,4.5,19.8
"Tree_117",32.7,5.5,19.8
"Tree_117",31.6,6.5,19.8
"Tree_117",30.3,7.5,19.8
"Tree_117",29.7,8.5,19.8
"Tree_117",29,9.5,19.8
"Tree_117",27.2,10.5,19.8
"Tree_117",26.4,11.5,19.8
"Tree_117",24.9,12.5,19.8
"Tree_117",23.3,13.5,19.8
"Tree_117",22.1,14.5,19.8
"Tree_117",20.8,15.5,19.8
"Tree_117",19.5,16.5,19.8
"Tree_117",17.6,17.5,19.8
"Tree_117",14.9,18.5,19.8
"Tree_117",12.3,19.5,19.8
"Tree_117",0,19.8,19.8
"Tree_118",35.8,0.5,21
"Tree_118",34.9,1.3,21
"Tree_118",33.7,1.5,21
"Tree_118",32.5,2.5,21
"Tree_118",31.6,3.5,21
"Tree_118",30.7,4.5,21
"Tree_118",29.5,5.5,21
"Tree_118",28.9,6.5,21
"Tree_118",28,7.5,21
"Tree_118",27.2,8.5,21
"Tree_118",26.4,9.5,21
"Tree_118",25.6,10.5,21
"Tree_118",24.3,11.5,21
"Tree_118",23.2,12.5,21
"Tree_118",22,13.5,21
"Tree_118",20.6,14.5,21
"Tree_118",19,15.5,21
"Tree_118",17.4,16.5,21
"Tree_118",15.9,17.5,21
"Tree_118",14.3,18.5,21
"Tree_118",0,21,21
"Tree_119",38.8,0.5,20.3
"Tree_119",38.2,1.3,20.3
"Tree_119",38,1.5,20.3
"Tree_119",36.8,2.5,20.3
"Tree_119",35.1,3.5,20.3
"Tree_119",33.6,4.5,20.3
"Tree_119",32.4,5.5,20.3
"Tree_119",31.5,6.5,20.3
"Tree_119",30,7.5,20.3
"Tree_119",28.7,8.5,20.3
"Tree_119",27.6,9.5,20.3
"Tree_119",26.3,10.5,20.3
"Tree_119",25.5,11.5,20.3
"Tree_119",24.1,12.5,20.3
"Tree_119",22.6,13.5,20.3
"Tree_119",21.3,14.5,20.3
"Tree_119",19.3,15.5,20.3
"Tree_119",18,16.5,20.3
"Tree_119",16.4,17.5,20.3
"Tree_119",14.5,18.5,20.3
"Tree_119",0,20.3,20.3
"Tree_120",30.2,0.5,21.5
"Tree_120",29.5,1.3,21.5
"Tree_120",29.4,1.5,21.5
"Tree_120",28.8,2.5,21.5
"Tree_120",27.9,3.5,21.5
"Tree_120",26.4,4.5,21.5
"Tree_120",25.1,5.5,21.5
"Tree_120",23.9,6.5,21.5
"Tree_120",22.8,7.5,21.5
"Tree_120",21.9,8.5,21.5
"Tree_120",20.3,9.5,21.5
"Tree_120",19.7,10.5,21.5
"Tree_120",18.8,11.5,21.5
"Tree_120",18,12.5,21.5
"Tree_120",17.1,13.5,21.5
"Tree_120",16.2,14.5,21.5
"Tree_120",14.9,15.5,21.5
"Tree_120",13.5,16.5,21.5
"Tree_120",12.7,17.5,21.5
"Tree_120",11.5,18.5,21.5
"Tree_120",9.9,19.5,21.5
"Tree_120",8,20.5,21.5
"Tree_120",0,21.5,21.5
"Tree_121",44.9,0.5,26.3
"Tree_121",44.3,1.3,26.3
"Tree_121",44.1,1.5,26.3
"Tree_121",43.5,2.5,26.3
"Tree_121",42.1,3.5,26.3
"Tree_121",40.8,4.5,26.3
"Tree_121",39.8,5.5,26.3
"Tree_121",38.7,6.5,26.3
"Tree_121",37.1,7.5,26.3
"Tree_121",35.8,8.5,26.3
"Tree_121",34.3,9.5,26.3
"Tree_121",33,10.5,26.3
"Tree_121",31.4,11.5,26.3
"Tree_121",29.8,12.5,26.3
"Tree_121",28.2,13.5,26.3
"Tree_121",27,14.5,26.3
"Tree_121",25.5,15.5,26.3
"Tree_121",24.1,16.5,26.3
"Tree_121",22.2,17.5,26.3
"Tree_121",20,18.5,26.3
"Tree_121",18.6,19.5,26.3
"Tree_121",16.8,20.5,26.3
"Tree_121",15.1,21.5,26.3
"Tree_121",0,26.3,26.3
"Tree_122",33.2,0.5,24.2
"Tree_122",32.9,1.3,24.2
"Tree_122",32.8,1.5,24.2
"Tree_122",32.2,2.5,24.2
"Tree_122",31.6,3.5,24.2
"Tree_122",30.7,4.5,24.2
"Tree_122",29.8,5.5,24.2
"Tree_122",28.9,6.5,24.2
"Tree_122",27.5,7.5,24.2
"Tree_122",26.2,8.5,24.2
"Tree_122",25,9.5,24.2
"Tree_122",23.7,10.5,24.2
"Tree_122",22.6,11.5,24.2
"Tree_122",22,12.5,24.2
"Tree_122",21.1,13.5,24.2
"Tree_122",20,14.5,24.2
"Tree_122",18.9,15.5,24.2
"Tree_122",17.9,16.5,24.2
"Tree_122",16.2,17.5,24.2
"Tree_122",14.8,18.5,24.2
"Tree_122",13.5,19.5,24.2
"Tree_122",12,20.5,24.2
"Tree_122",10.6,21.5,24.2
"Tree_122",0,24.2,24.2
"Tree_123",36.9,0.5,24.2
"Tree_123",36.5,1.3,24.2
"Tree_123",36.1,1.5,24.2
"Tree_123",35.6,2.5,24.2
"Tree_123",34.3,3.5,24.2
"Tree_123",32.8,4.5,24.2
"Tree_123",32,5.5,24.2
"Tree_123",30.7,6.5,24.2
"Tree_123",29.6,7.5,24.2
"Tree_123",28.5,8.5,24.2
"Tree_123",27.1,9.5,24.2
"Tree_123",26.2,10.5,24.2
"Tree_123",25.4,11.5,24.2
"Tree_123",24.6,12.5,24.2
"Tree_123",23.8,13.5,24.2
"Tree_123",22.6,14.5,24.2
"Tree_123",22,15.5,24.2
"Tree_123",21.2,16.5,24.2
"Tree_123",20.1,17.5,24.2
"Tree_123",19.3,18.5,24.2
"Tree_123",17.6,19.5,24.2
"Tree_123",16.2,20.5,24.2
"Tree_123",14.7,21.5,24.2
"Tree_123",0,24.2,24.2
"Tree_124",38,0.5,22.7
"Tree_124",37.6,1.3,22.7
"Tree_124",37.4,1.5,22.7
"Tree_124",35.7,2.5,22.7
"Tree_124",34.6,3.5,22.7
"Tree_124",33,4.5,22.7
"Tree_124",31.7,5.5,22.7
"Tree_124",31.1,6.5,22.7
"Tree_124",30,7.5,22.7
"Tree_124",29.5,8.5,22.7
"Tree_124",28.2,9.5,22.7
"Tree_124",26.7,10.5,22.7
"Tree_124",25.3,11.5,22.7
"Tree_124",23.9,12.5,22.7
"Tree_124",21.6,13.5,22.7
"Tree_124",20.2,14.5,22.7
"Tree_124",18.9,15.5,22.7
"Tree_124",16.5,16.5,22.7
"Tree_124",14.2,17.5,22.7
"Tree_124",12.9,18.5,22.7
"Tree_124",11,19.5,22.7
"Tree_124",9.1,20.5,22.7
"Tree_124",0,22.7,22.7
"Tree_125",37,0.5,20
"Tree_125",36.7,1.3,20
"Tree_125",36.5,1.5,20
"Tree_125",35,2.5,20
"Tree_125",33.8,3.5,20
"Tree_125",32.4,4.5,20
"Tree_125",30.9,5.5,20
"Tree_125",29.5,6.5,20
"Tree_125",28,7.5,20
"Tree_125",26.8,8.5,20
"Tree_125",25.4,9.5,20
"Tree_125",23.9,10.5,20
"Tree_125",22.3,11.5,20
"Tree_125",21,12.5,20
"Tree_125",19.6,13.5,20
"Tree_125",17.5,14.5,20
"Tree_125",15.9,15.5,20
"Tree_125",14.1,16.5,20
"Tree_125",12.7,17.5,20
"Tree_125",10.8,18.5,20
"Tree_125",9,19.5,20
"Tree_125",0,20,20
"Tree_126",27.1,0.5,19.2
"Tree_126",26.6,1.3,19.2
"Tree_126",26.5,1.5,19.2
"Tree_126",25.6,2.5,19.2
"Tree_126",24.7,3.5,19.2
"Tree_126",23.4,4.5,19.2
"Tree_126",22,5.5,19.2
"Tree_126",21.1,6.5,19.2
"Tree_126",20.1,7.5,19.2
"Tree_126",18.7,8.5,19.2
"Tree_126",17.6,9.5,19.2
"Tree_126",16.3,10.5,19.2
"Tree_126",15.5,11.5,19.2
"Tree_126",14.7,12.5,19.2
"Tree_126",13.3,13.5,19.2
"Tree_126",12.3,14.5,19.2
"Tree_126",11,15.5,19.2
"Tree_126",9.7,16.5,19.2
"Tree_126",8.3,17.5,19.2
"Tree_126",7.1,18.5,19.2
"Tree_126",0,19.2,19.2
"Tree_127",41.3,0.5,19.3
"Tree_127",40.3,1.3,19.3
"Tree_127",40,1.5,19.3
"Tree_127",38.9,2.5,19.3
"Tree_127",37.2,3.5,19.3
"Tree_127",35.3,4.5,19.3
"Tree_127",33.6,5.5,19.3
"Tree_127",32,6.5,19.3
"Tree_127",30.8,7.5,19.3
"Tree_127",29.6,8.5,19.3
"Tree_127",28,9.5,19.3
"Tree_127",27,10.5,19.3
"Tree_127",25.5,11.5,19.3
"Tree_127",24.3,12.5,19.3
"Tree_127",22.7,13.5,19.3
"Tree_127",21.8,14.5,19.3
"Tree_127",19.6,15.5,19.3
"Tree_127",17.8,16.5,19.3
"Tree_127",15.2,17.5,19.3
"Tree_127",13,18.5,19.3
"Tree_127",0,19.3,19.3
"Tree_128",31.4,0.5,20
"Tree_128",31,1.3,20
"Tree_128",29.8,1.5,20
"Tree_128",28.9,2.5,20
"Tree_128",27.5,3.5,20
"Tree_128",26.3,4.5,20
"Tree_128",24.6,5.5,20
"Tree_128",23.7,6.5,20
"Tree_128",22.8,7.5,20
"Tree_128",22.5,8.5,20
"Tree_128",21.8,9.5,20
"Tree_128",21,10.5,20
"Tree_128",19.9,11.5,20
"Tree_128",18.5,12.5,20
"Tree_128",18.2,13.5,20
"Tree_128",16.7,14.5,20
"Tree_128",15.8,15.5,20
"Tree_128",14.3,16.5,20
"Tree_128",12.6,17.5,20
"Tree_128",10.5,18.5,20
"Tree_128",0,20,20
"Tree_129",33.2,0.5,21.5
"Tree_129",32.6,1.3,21.5
"Tree_129",32.4,1.5,21.5
"Tree_129",30.7,2.5,21.5
"Tree_129",29.8,3.5,21.5
"Tree_129",28.9,4.5,21.5
"Tree_129",27.8,5.5,21.5
"Tree_129",26.7,6.5,21.5
"Tree_129",25.8,7.5,21.5
"Tree_129",24.6,8.5,21.5
"Tree_129",23.9,9.5,21.5
"Tree_129",23,10.5,21.5
"Tree_129",22,11.5,21.5
"Tree_129",20.7,12.5,21.5
"Tree_129",19.5,13.5,21.5
"Tree_129",18.3,14.5,21.5
"Tree_129",16.7,15.5,21.5
"Tree_129",14.2,16.5,21.5
"Tree_129",12.7,17.5,21.5
"Tree_129",11,18.5,21.5
"Tree_129",9.6,19.5,21.5
"Tree_129",8.3,20.5,21.5
"Tree_129",0,21.5,21.5
"Tree_130",24.1,0.5,20.8
"Tree_130",23.9,1.3,20.8
"Tree_130",23.8,1.5,20.8
"Tree_130",22.9,2.5,20.8
"Tree_130",21.3,3.5,20.8
"Tree_130",20.5,4.5,20.8
"Tree_130",19.1,5.5,20.8
"Tree_130",18.4,6.5,20.8
"Tree_130",17.1,7.5,20.8
"Tree_130",16.6,8.5,20.8
"Tree_130",15.4,9.5,20.8
"Tree_130",14.9,10.5,20.8
"Tree_130",13.6,11.5,20.8
"Tree_130",12.5,12.5,20.8
"Tree_130",12,13.5,20.8
"Tree_130",10.7,14.5,20.8
"Tree_130",9.4,15.5,20.8
"Tree_130",8.9,16.5,20.8
"Tree_130",0,20.8,20.8
"Tree_131",37.6,0.5,23.6
"Tree_131",36.5,1.3,23.6
"Tree_131",36.2,1.5,23.6
"Tree_131",35.1,2.5,23.6
"Tree_131",34.2,3.5,23.6
"Tree_131",32.7,4.5,23.6
"Tree_131",31.3,5.5,23.6
"Tree_131",30,6.5,23.6
"Tree_131",28.9,7.5,23.6
"Tree_131",27.9,8.5,23.6
"Tree_131",26.3,9.5,23.6
"Tree_131",25.4,10.5,23.6
"Tree_131",24,11.5,23.6
"Tree_131",23.2,12.5,23.6
"Tree_131",22.3,13.5,23.6
"Tree_131",20.8,14.5,23.6
"Tree_131",19.8,15.5,23.6
"Tree_131",18.2,16.5,23.6
"Tree_131",17.3,17.5,23.6
"Tree_131",15.6,18.5,23.6
"Tree_131",14,19.5,23.6
"Tree_131",12.3,20.5,23.6
"Tree_131",10.5,21.5,23.6
"Tree_131",0,23.6,23.6
"Tree_132",33.9,0.5,23.4
"Tree_132",33.5,1.3,23.4
"Tree_132",33.4,1.5,23.4
"Tree_132",32.4,2.5,23.4
"Tree_132",31.5,3.5,23.4
"Tree_132",30,4.5,23.4
"Tree_132",27.4,5.5,23.4
"Tree_132",26.2,6.5,23.4
"Tree_132",25,7.5,23.4
"Tree_132",24.1,8.5,23.4
"Tree_132",23.5,9.5,23.4
"Tree_132",22.6,10.5,23.4
"Tree_132",21.8,11.5,23.4
"Tree_132",20.8,12.5,23.4
"Tree_132",19.9,13.5,23.4
"Tree_132",19,14.5,23.4
"Tree_132",17.7,15.5,23.4
"Tree_132",16.9,16.5,23.4
"Tree_132",15.6,17.5,23.4
"Tree_132",14,18.5,23.4
"Tree_132",12.8,19.5,23.4
"Tree_132",11.3,20.5,23.4
"Tree_132",10,21.5,23.4
"Tree_132",0,23.4,23.4
"Tree_133",28,0.5,21.7
"Tree_133",27.8,1.3,21.7
"Tree_133",27.2,1.5,21.7
"Tree_133",26,2.5,21.7
"Tree_133",24.6,3.5,21.7
"Tree_133",23.3,4.5,21.7
"Tree_133",21.5,5.5,21.7
"Tree_133",19.8,6.5,21.7
"Tree_133",18.8,7.5,21.7
"Tree_133",17.3,8.5,21.7
"Tree_133",16.4,9.5,21.7
"Tree_133",15.6,10.5,21.7
"Tree_133",14.5,11.5,21.7
"Tree_133",13.7,12.5,21.7
"Tree_133",12.8,13.5,21.7
"Tree_133",11.9,14.5,21.7
"Tree_133",11,15.5,21.7
"Tree_133",9.9,16.5,21.7
"Tree_133",8.7,17.5,21.7
"Tree_133",7.6,18.5,21.7
"Tree_133",0,21.7,21.7
"Tree_134",34.4,0.5,23.6
"Tree_134",33.4,1.3,23.6
"Tree_134",33,1.5,23.6
"Tree_134",31.6,2.5,23.6
"Tree_134",30.1,3.5,23.6
"Tree_134",28.7,4.5,23.6
"Tree_134",27.4,5.5,23.6
"Tree_134",25.8,6.5,23.6
"Tree_134",24.5,7.5,23.6
"Tree_134",22.9,8.5,23.6
"Tree_134",21.6,9.5,23.6
"Tree_134",20.9,10.5,23.6
"Tree_134",19.3,11.5,23.6
"Tree_134",18.4,12.5,23.6
"Tree_134",17.5,13.5,23.6
"Tree_134",16.3,14.5,23.6
"Tree_134",15.4,15.5,23.6
"Tree_134",14.4,16.5,23.6
"Tree_134",13.2,17.5,23.6
"Tree_134",12.1,18.5,23.6
"Tree_134",10.8,19.5,23.6
"Tree_134",9.6,20.5,23.6
"Tree_134",0,23.6,23.6
"Tree_135",28.2,0.5,21.6
"Tree_135",27.6,1.3,21.6
"Tree_135",27.4,1.5,21.6
"Tree_135",26.3,2.5,21.6
"Tree_135",25.2,3.5,21.6
"Tree_135",24.1,4.5,21.6
"Tree_135",22.9,5.5,21.6
"Tree_135",22,6.5,21.6
"Tree_135",20.6,7.5,21.6
"Tree_135",19.8,8.5,21.6
"Tree_135",18.7,9.5,21.6
"Tree_135",17.5,10.5,21.6
"Tree_135",16.4,11.5,21.6
"Tree_135",15.7,12.5,21.6
"Tree_135",14.5,13.5,21.6
"Tree_135",13.1,14.5,21.6
"Tree_135",12.4,15.5,21.6
"Tree_135",11.5,16.5,21.6
"Tree_135",10.2,17.5,21.6
"Tree_135",9.4,18.5,21.6
"Tree_135",8.1,19.5,21.6
"Tree_135",7.3,20.5,21.6
"Tree_135",0,21.6,21.6
"Tree_136",25.7,0.5,20.4
"Tree_136",25,1.3,20.4
"Tree_136",24.6,1.5,20.4
"Tree_136",23.7,2.5,20.4
"Tree_136",22.4,3.5,20.4
"Tree_136",21.7,4.5,20.4
"Tree_136",20.2,5.5,20.4
"Tree_136",19,6.5,20.4
"Tree_136",17.8,7.5,20.4
"Tree_136",16.6,8.5,20.4
"Tree_136",15.2,9.5,20.4
"Tree_136",13.9,10.5,20.4
"Tree_136",12.6,11.5,20.4
"Tree_136",12,12.5,20.4
"Tree_136",11.1,13.5,20.4
"Tree_136",10.1,14.5,20.4
"Tree_136",9.2,15.5,20.4
"Tree_136",8.3,16.5,20.4
"Tree_136",7.2,17.5,20.4
"Tree_136",0,20.4,20.4
"Tree_137",28.6,0.5,22.8
"Tree_137",27.5,1.3,22.8
"Tree_137",27.1,1.5,22.8
"Tree_137",25.3,2.5,22.8
"Tree_137",24.3,3.5,22.8
"Tree_137",23,4.5,22.8
"Tree_137",21.8,5.5,22.8
"Tree_137",20.6,6.5,22.8
"Tree_137",19.5,7.5,22.8
"Tree_137",18.3,8.5,22.8
"Tree_137",17,9.5,22.8
"Tree_137",16.1,10.5,22.8
"Tree_137",15.1,11.5,22.8
"Tree_137",14.2,12.5,22.8
"Tree_137",13.3,13.5,22.8
"Tree_137",12.5,14.5,22.8
"Tree_137",11.2,15.5,22.8
"Tree_137",10,16.5,22.8
"Tree_137",9.1,17.5,22.8
"Tree_137",7.8,18.5,22.8
"Tree_137",0,22.8,22.8
"Tree_138",38.8,0.5,22.8
"Tree_138",38,1.3,22.8
"Tree_138",37.9,1.5,22.8
"Tree_138",36.3,2.5,22.8
"Tree_138",34.6,3.5,22.8
"Tree_138",33.4,4.5,22.8
"Tree_138",32.2,5.5,22.8
"Tree_138",31.2,6.5,22.8
"Tree_138",29.8,7.5,22.8
"Tree_138",28.7,8.5,22.8
"Tree_138",27.6,9.5,22.8
"Tree_138",26.4,10.5,22.8
"Tree_138",25.5,11.5,22.8
"Tree_138",24,12.5,22.8
"Tree_138",22.6,13.5,22.8
"Tree_138",21.5,14.5,22.8
"Tree_138",20.1,15.5,22.8
"Tree_138",18.7,16.5,22.8
"Tree_138",17.4,17.5,22.8
"Tree_138",15.9,18.5,22.8
"Tree_138",14.4,19.5,22.8
"Tree_138",13.2,20.5,22.8
"Tree_138",12,21.5,22.8
"Tree_138",0,22.8,22.8
"Tree_139",29.3,0.5,23.8
"Tree_139",28.7,1.3,23.8
"Tree_139",28.6,1.5,23.8
"Tree_139",27.6,2.5,23.8
"Tree_139",26.2,3.5,23.8
"Tree_139",24.9,4.5,23.8
"Tree_139",23.8,5.5,23.8
"Tree_139",23,6.5,23.8
"Tree_139",21.8,7.5,23.8
"Tree_139",21,8.5,23.8
"Tree_139",20.3,9.5,23.8
"Tree_139",19.5,10.5,23.8
"Tree_139",18.8,11.5,23.8
"Tree_139",17.5,12.5,23.8
"Tree_139",16.7,13.5,23.8
"Tree_139",15.4,14.5,23.8
"Tree_139",14.5,15.5,23.8
"Tree_139",13.8,16.5,23.8
"Tree_139",12.8,17.5,23.8
"Tree_139",11.9,18.5,23.8
"Tree_139",10.7,19.5,23.8
"Tree_139",9.6,20.5,23.8
"Tree_139",0,23.8,23.8
"Tree_140",43.7,0.5,23.5
"Tree_140",42.6,1.3,23.5
"Tree_140",42,1.5,23.5
"Tree_140",40.1,2.5,23.5
"Tree_140",39,3.5,23.5
"Tree_140",37.8,4.5,23.5
"Tree_140",35.9,5.5,23.5
"Tree_140",34,6.5,23.5
"Tree_140",32.6,7.5,23.5
"Tree_140",32,8.5,23.5
"Tree_140",30.7,9.5,23.5
"Tree_140",29,10.5,23.5
"Tree_140",27.9,11.5,23.5
"Tree_140",26,12.5,23.5
"Tree_140",25,13.5,23.5
"Tree_140",23.3,14.5,23.5
"Tree_140",21.8,15.5,23.5
"Tree_140",20.2,16.5,23.5
"Tree_140",18.7,17.5,23.5
"Tree_140",16.9,18.5,23.5
"Tree_140",15,19.5,23.5
"Tree_140",13.4,20.5,23.5
"Tree_140",11.6,21.5,23.5
"Tree_140",0,23.5,23.5
"Tree_141",33.7,0.5,21.6
"Tree_141",33.1,1.3,21.6
"Tree_141",32.9,1.5,21.6
"Tree_141",31.5,2.5,21.6
"Tree_141",30,3.5,21.6
"Tree_141",28.9,4.5,21.6
"Tree_141",27.8,5.5,21.6
"Tree_141",26.5,6.5,21.6
"Tree_141",25.2,7.5,21.6
"Tree_141",24.5,8.5,21.6
"Tree_141",23.2,9.5,21.6
"Tree_141",22.3,10.5,21.6
"Tree_141",21.3,11.5,21.6
"Tree_141",20,12.5,21.6
"Tree_141",18.7,13.5,21.6
"Tree_141",17.6,14.5,21.6
"Tree_141",16.3,15.5,21.6
"Tree_141",15.5,16.5,21.6
"Tree_141",14,17.5,21.6
"Tree_141",13.2,18.5,21.6
"Tree_141",12,19.5,21.6
"Tree_141",10.8,20.5,21.6
"Tree_141",9.6,21.5,21.6
"Tree_141",0,21.6,21.6
"Tree_142",31.8,0.5,22.9
"Tree_142",31.3,1.3,22.9
"Tree_142",31,1.5,22.9
"Tree_142",30.1,2.5,22.9
"Tree_142",28.6,3.5,22.9
"Tree_142",27.1,4.5,22.9
"Tree_142",25.8,5.5,22.9
"Tree_142",24.2,6.5,22.9
"Tree_142",22.9,7.5,22.9
"Tree_142",21.8,8.5,22.9
"Tree_142",20.4,9.5,22.9
"Tree_142",19.5,10.5,22.9
"Tree_142",18.6,11.5,22.9
"Tree_142",17.6,12.5,22.9
"Tree_142",16.7,13.5,22.9
"Tree_142",15.8,14.5,22.9
"Tree_142",15,15.5,22.9
"Tree_142",13.9,16.5,22.9
"Tree_142",12.7,17.5,22.9
"Tree_142",11.5,18.5,22.9
"Tree_142",10.4,19.5,22.9
"Tree_142",9.1,20.5,22.9
"Tree_142",8.3,21.5,22.9
"Tree_142",0,22.9,22.9
"Tree_143",24.8,0.5,18.3
"Tree_143",24.3,1.3,18.3
"Tree_143",24,1.5,18.3
"Tree_143",22.9,2.5,18.3
"Tree_143",21.8,3.5,18.3
"Tree_143",20.6,4.5,18.3
"Tree_143",19.5,5.5,18.3
"Tree_143",18.2,6.5,18.3
"Tree_143",17.5,7.5,18.3
"Tree_143",16.4,8.5,18.3
"Tree_143",15.5,9.5,18.3
"Tree_143",14.3,10.5,18.3
"Tree_143",13,11.5,18.3
"Tree_143",12.2,12.5,18.3
"Tree_143",11.3,13.5,18.3
"Tree_143",10.5,14.5,18.3
"Tree_143",9.2,15.5,18.3
"Tree_143",8,16.5,18.3
"Tree_143",6.9,17.5,18.3
"Tree_143",0,18.3,18.3
"Tree_144",21.5,0.5,16.1
"Tree_144",21,1.3,16.1
"Tree_144",20.7,1.5,16.1
"Tree_144",19.4,2.5,16.1
"Tree_144",18.1,3.5,16.1
"Tree_144",17,4.5,16.1
"Tree_144",15.5,5.5,16.1
"Tree_144",14.4,6.5,16.1
"Tree_144",13.6,7.5,16.1
"Tree_144",12.7,8.5,16.1
"Tree_144",11.3,9.5,16.1
"Tree_144",10.4,10.5,16.1
"Tree_144",9.5,11.5,16.1
"Tree_144",8.6,12.5,16.1
"Tree_144",7.5,13.5,16.1
"Tree_144",6.6,14.5,16.1
"Tree_144",0,16.1,16.1
"Tree_145",19.1,0.5,13
"Tree_145",18.9,1.3,13
"Tree_145",18.7,1.5,13
"Tree_145",17.7,2.5,13
"Tree_145",16.2,3.5,13
"Tree_145",14.8,4.5,13
"Tree_145",13.4,5.5,13
"Tree_145",11.8,6.5,13
"Tree_145",10.5,7.5,13
"Tree_145",9.7,8.5,13
"Tree_145",8,9.5,13
"Tree_145",6.6,10.5,13
"Tree_145",5.5,11.5,13
"Tree_145",0,13,13
"Tree_146",23.5,0.5,12.6
"Tree_146",22.7,1.3,12.6
"Tree_146",22.1,1.5,12.6
"Tree_146",20.5,2.5,12.6
"Tree_146",19,3.5,12.6
"Tree_146",18.2,4.5,12.6
"Tree_146",16.9,5.5,12.6
"Tree_146",15.1,6.5,12.6
"Tree_146",13.9,7.5,12.6
"Tree_146",12.6,8.5,12.6
"Tree_146",11.3,9.5,12.6
"Tree_146",9.5,10.5,12.6
"Tree_146",0,12.6,12.6
"Tree_147",22,0.5,14.4
"Tree_147",21.2,1.3,14.4
"Tree_147",20.7,1.5,14.4
"Tree_147",19.6,2.5,14.4
"Tree_147",18.1,3.5,14.4
"Tree_147",17.2,4.5,14.4
"Tree_147",15.5,5.5,14.4
"Tree_147",13.8,6.5,14.4
"Tree_147",12.6,7.5,14.4
"Tree_147",11.4,8.5,14.4
"Tree_147",10.1,9.5,14.4
"Tree_147",9.4,10.5,14.4
"Tree_147",8.6,11.5,14.4
"Tree_147",7.1,12.5,14.4
"Tree_147",6,13.5,14.4
"Tree_147",0,14.4,14.4
"Tree_148",20.7,0.5,14.5
"Tree_148",20.4,1.3,14.5
"Tree_148",19.9,1.5,14.5
"Tree_148",18.1,2.5,14.5
"Tree_148",16.5,3.5,14.5
"Tree_148",15.1,4.5,14.5
"Tree_148",14.2,5.5,14.5
"Tree_148",13.3,6.5,14.5
"Tree_148",12,7.5,14.5
"Tree_148",10.7,8.5,14.5
"Tree_148",9.9,9.5,14.5
"Tree_148",8,10.5,14.5
"Tree_148",6.4,11.5,14.5
"Tree_148",0,14.5,14.5
"Tree_149",16.1,0.5,12.5
"Tree_149",15.4,1.3,12.5
"Tree_149",14.9,1.5,12.5
"Tree_149",13.3,2.5,12.5
"Tree_149",12.4,3.5,12.5
"Tree_149",11.5,4.5,12.5
"Tree_149",10.6,5.5,12.5
"Tree_149",9.8,6.5,12.5
"Tree_149",9.1,7.5,12.5
"Tree_149",7.8,8.5,12.5
"Tree_149",6.5,9.5,12.5
"Tree_149",5.6,10.5,12.5
"Tree_149",0,12.5,12.5
"Tree_150",25.2,0.5,15.2
"Tree_150",24.5,1.3,15.2
"Tree_150",24.4,1.5,15.2
"Tree_150",23.7,2.5,15.2
"Tree_150",22.1,3.5,15.2
"Tree_150",20.2,4.5,15.2
"Tree_150",18.8,5.5,15.2
"Tree_150",17.5,6.5,15.2
"Tree_150",16.4,7.5,15.2
"Tree_150",14.7,8.5,15.2
"Tree_150",13.9,9.5,15.2
"Tree_150",12.5,10.5,15.2
"Tree_150",11.1,11.5,15.2
"Tree_150",9.7,12.5,15.2
"Tree_150",7.6,13.5,15.2
"Tree_150",0,15.2,15.2
"Tree_151",15.5,0.5,12.2
"Tree_151",15.3,1.3,12.2
"Tree_151",15,1.5,12.2
"Tree_151",13.4,2.5,12.2
"Tree_151",12.5,3.5,12.2
"Tree_151",11.2,4.5,12.2
"Tree_151",9.9,5.5,12.2
"Tree_151",9.2,6.5,12.2
"Tree_151",8.5,7.5,12.2
"Tree_151",7.2,8.5,12.2
"Tree_151",6.4,9.5,12.2
"Tree_151",5.6,10.5,12.2
"Tree_151",0,12.2,12.2
"Tree_152",20.5,0.5,13.5
"Tree_152",20.2,1.3,13.5
"Tree_152",20,1.5,13.5
"Tree_152",19.2,2.5,13.5
"Tree_152",17,3.5,13.5
"Tree_152",15.7,4.5,13.5
"Tree_152",15,5.5,13.5
"Tree_152",14.4,6.5,13.5
"Tree_152",13.3,7.5,13.5
"Tree_152",11.4,8.5,13.5
"Tree_152",9.5,9.5,13.5
"Tree_152",7.7,10.5,13.5
"Tree_152",6.3,11.5,13.5
"Tree_152",0,13.5,13.5
"Tree_153",20.2,0.5,14.4
"Tree_153",19,1.3,14.4
"Tree_153",18.9,1.5,14.4
"Tree_153",17.4,2.5,14.4
"Tree_153",16.1,3.5,14.4
"Tree_153",14.4,4.5,14.4
"Tree_153",13.7,5.5,14.4
"Tree_153",13.1,6.5,14.4
"Tree_153",11.6,7.5,14.4
"Tree_153",10.9,8.5,14.4
"Tree_153",9.8,9.5,14.4
"Tree_153",8.8,10.5,14.4
"Tree_153",7.6,11.5,14.4
"Tree_153",6.3,12.5,14.4
"Tree_153",0,14.4,14.4
"Tree_154",21.2,0.5,13.2
"Tree_154",20.6,1.3,13.2
"Tree_154",20.1,1.5,13.2
"Tree_154",19,2.5,13.2
"Tree_154",17.6,3.5,13.2
"Tree_154",16.3,4.5,13.2
"Tree_154",15,5.5,13.2
"Tree_154",13.8,6.5,13.2
"Tree_154",12.1,7.5,13.2
"Tree_154",10.8,8.5,13.2
"Tree_154",9.4,9.5,13.2
"Tree_154",8.5,10.5,13.2
"Tree_154",7.1,11.5,13.2
"Tree_154",6,12.5,13.2
"Tree_154",0,13.2,13.2
"Tree_155",17.8,0.5,11.4
"Tree_155",17.6,1.3,11.4
"Tree_155",17.5,1.5,11.4
"Tree_155",16.2,2.5,11.4
"Tree_155",15,3.5,11.4
"Tree_155",13.9,4.5,11.4
"Tree_155",12.8,5.5,11.4
"Tree_155",11.8,6.5,11.4
"Tree_155",10.4,7.5,11.4
"Tree_155",9.2,8.5,11.4
"Tree_155",7.6,9.5,11.4
"Tree_155",6.3,10.5,11.4
"Tree_155",0,11.4,11.4
"Tree_156",16.2,0.5,12.8
"Tree_156",15.7,1.3,12.8
"Tree_156",15.5,1.5,12.8
"Tree_156",14.2,2.5,12.8
"Tree_156",12.7,3.5,12.8
"Tree_156",11,4.5,12.8
"Tree_156",10.6,5.5,12.8
"Tree_156",9.3,6.5,12.8
"Tree_156",8.5,7.5,12.8
"Tree_156",7.7,8.5,12.8
"Tree_156",6.6,9.5,12.8
"Tree_156",5.1,10.5,12.8
"Tree_156",0,12.8,12.8
"Tree_157",15.7,0.5,10
"Tree_157",15.3,1.3,10
"Tree_157",15.2,1.5,10
"Tree_157",13.9,2.5,10
"Tree_157",12.7,3.5,10
"Tree_157",11.3,4.5,10
"Tree_157",9.5,5.5,10
"Tree_157",8.1,6.5,10
"Tree_157",7,7.5,10
"Tree_157",5.9,8.5,10
"Tree_157",4.7,9.5,10
"Tree_157",0,10,10
"Tree_158",15.3,0.5,12.8
"Tree_158",14.8,1.3,12.8
"Tree_158",14.6,1.5,12.8
"Tree_158",13.7,2.5,12.8
"Tree_158",12.9,3.5,12.8
"Tree_158",11.7,4.5,12.8
"Tree_158",10.6,5.5,12.8
"Tree_158",9.7,6.5,12.8
"Tree_158",8.9,7.5,12.8
"Tree_158",8.3,8.5,12.8
"Tree_158",7.7,9.5,12.8
"Tree_158",6.6,10.5,12.8
"Tree_158",5.3,11.5,12.8
"Tree_158",0,12.8,12.8
"Tree_159",19.3,0.5,10.7
"Tree_159",18.6,1.3,10.7
"Tree_159",18.4,1.5,10.7
"Tree_159",17.2,2.5,10.7
"Tree_159",16.1,3.5,10.7
"Tree_159",14.4,4.5,10.7
"Tree_159",12.3,5.5,10.7
"Tree_159",11.2,6.5,10.7
"Tree_159",10.3,7.5,10.7
"Tree_159",9.4,8.5,10.7
"Tree_159",7.8,9.5,10.7
"Tree_159",0,10.7,10.7
"Tree_160",19.7,0.5,13.6
"Tree_160",19,1.3,13.6
"Tree_160",18.6,1.5,13.6
"Tree_160",17.6,2.5,13.6
"Tree_160",16.2,3.5,13.6
"Tree_160",15.4,4.5,13.6
"Tree_160",14.8,5.5,13.6
"Tree_160",13.6,6.5,13.6
"Tree_160",12.5,7.5,13.6
"Tree_160",11,8.5,13.6
"Tree_160",10.3,9.5,13.6
"Tree_160",8.6,10.5,13.6
"Tree_160",6.9,11.5,13.6
"Tree_160",5.5,12.5,13.6
"Tree_160",0,13.6,13.6
"Tree_161",18.8,0.5,12.6
"Tree_161",18.1,1.3,12.6
"Tree_161",17.9,1.5,12.6
"Tree_161",16.2,2.5,12.6
"Tree_161",14.8,3.5,12.6
"Tree_161",13.6,4.5,12.6
"Tree_161",12.5,5.5,12.6
"Tree_161",11.3,6.5,12.6
"Tree_161",10.2,7.5,12.6
"Tree_161",9.1,8.5,12.6
"Tree_161",8.4,9.5,12.6
"Tree_161",7,10.5,12.6
"Tree_161",5.7,11.5,12.6
"Tree_161",0,12.6,12.6
"Tree_162",19.4,0.5,11.4
"Tree_162",18.7,1.3,11.4
"Tree_162",18.3,1.5,11.4
"Tree_162",16.6,2.5,11.4
"Tree_162",15,3.5,11.4
"Tree_162",13.7,4.5,11.4
"Tree_162",12.2,5.5,11.4
"Tree_162",10.9,6.5,11.4
"Tree_162",9.5,7.5,11.4
"Tree_162",8,8.5,11.4
"Tree_162",6.6,9.5,11.4
"Tree_162",5,10.5,11.4
"Tree_162",0,11.4,11.4
"Tree_163",18.2,0.5,13.2
"Tree_163",17.6,1.3,13.2
"Tree_163",17.4,1.5,13.2
"Tree_163",16.4,2.5,13.2
"Tree_163",15,3.5,13.2
"Tree_163",14.4,4.5,13.2
"Tree_163",13.6,5.5,13.2
"Tree_163",13,6.5,13.2
"Tree_163",11.7,7.5,13.2
"Tree_163",11,8.5,13.2
"Tree_163",10.1,9.5,13.2
"Tree_163",8.5,10.5,13.2
"Tree_163",7.4,11.5,13.2
"Tree_163",6.1,12.5,13.2
"Tree_163",0,13.2,13.2
"Tree_164",25.6,0.5,13.3
"Tree_164",25.3,1.3,13.3
"Tree_164",24.8,1.5,13.3
"Tree_164",23.6,2.5,13.3
"Tree_164",21.7,3.5,13.3
"Tree_164",19.8,4.5,13.3
"Tree_164",18.1,5.5,13.3
"Tree_164",16.9,6.5,13.3
"Tree_164",15.6,7.5,13.3
"Tree_164",14.4,8.5,13.3
"Tree_164",13.4,9.5,13.3
"Tree_164",12,10.5,13.3
"Tree_164",10.6,11.5,13.3
"Tree_164",9,12.5,13.3
"Tree_164",0,13.3,13.3
"Tree_165",16.5,0.5,12.7
"Tree_165",16.4,1.3,12.7
"Tree_165",16,1.5,12.7
"Tree_165",14.3,2.5,12.7
"Tree_165",13.2,3.5,12.7
"Tree_165",11.8,4.5,12.7
"Tree_165",10.5,5.5,12.7
"Tree_165",9.6,6.5,12.7
"Tree_165",9,7.5,12.7
"Tree_165",7.6,8.5,12.7
"Tree_165",6.5,9.5,12.7
"Tree_165",5,10.5,12.7
"Tree_165",0,12.7,12.7
"Tree_166",17.2,0.5,13.8
"Tree_166",16.7,1.3,13.8
"Tree_166",16.3,1.5,13.8
"Tree_166",15,2.5,13.8
"Tree_166",13.4,3.5,13.8
"Tree_166",12.2,4.5,13.8
"Tree_166",10.8,5.5,13.8
"Tree_166",9.7,6.5,13.8
"Tree_166",8.6,7.5,13.8
"Tree_166",8,8.5,13.8
"Tree_166",7.3,9.5,13.8
"Tree_166",6.6,10.5,13.8
"Tree_166",5.8,11.5,13.8
"Tree_166",0,13.8,13.8
"Tree_167",27.1,0.5,16.2
"Tree_167",26.8,1.3,16.2
"Tree_167",26.6,1.5,16.2
"Tree_167",25,2.5,16.2
"Tree_167",23.5,3.5,16.2
"Tree_167",22.6,4.5,16.2
"Tree_167",20.8,5.5,16.2
"Tree_167",19.5,6.5,16.2
"Tree_167",18,7.5,16.2
"Tree_167",16.6,8.5,16.2
"Tree_167",15.3,9.5,16.2
"Tree_167",14.1,10.5,16.2
"Tree_167",12.7,11.5,16.2
"Tree_167",11.2,12.5,16.2
"Tree_167",9.7,13.5,16.2
"Tree_167",0,16.2,16.2
"Tree_168",27.2,0.5,13.9
"Tree_168",25.4,1.3,13.9
"Tree_168",25,1.5,13.9
"Tree_168",23.3,2.5,13.9
"Tree_168",22.8,3.5,13.9
"Tree_168",21.5,4.5,13.9
"Tree_168",20.2,5.5,13.9
"Tree_168",18.1,6.5,13.9
"Tree_168",17.4,7.5,13.9
"Tree_168",16.3,8.5,13.9
"Tree_168",14.1,9.5,13.9
"Tree_168",12.4,10.5,13.9
"Tree_168",8.8,11.5,13.9
"Tree_168",6.7,12.5,13.9
"Tree_168",0,13.9,13.9
"Tree_169",27.4,0.5,16.5
"Tree_169",27.1,1.3,16.5
"Tree_169",27,1.5,16.5
"Tree_169",25.9,2.5,16.5
"Tree_169",23.9,3.5,16.5
"Tree_169",23.1,4.5,16.5
"Tree_169",22,5.5,16.5
"Tree_169",20.4,6.5,16.5
"Tree_169",19.2,7.5,16.5
"Tree_169",18.2,8.5,16.5
"Tree_169",17.7,9.5,16.5
"Tree_169",16.6,10.5,16.5
"Tree_169",14.7,11.5,16.5
"Tree_169",12.3,12.5,16.5
"Tree_169",10.4,13.5,16.5
"Tree_169",8.7,14.5,16.5
"Tree_169",0,16.5,16.5
"Tree_170",25.5,0.5,17.5
"Tree_170",24.8,1.3,17.5
"Tree_170",24.3,1.5,17.5
"Tree_170",23.2,2.5,17.5
"Tree_170",21.9,3.5,17.5
"Tree_170",20.1,4.5,17.5
"Tree_170",19,5.5,17.5
"Tree_170",17.6,6.5,17.5
"Tree_170",16.8,7.5,17.5
"Tree_170",15.7,8.5,17.5
"Tree_170",15.1,9.5,17.5
"Tree_170",13.6,10.5,17.5
"Tree_170",12.9,11.5,17.5
"Tree_170",11.1,12.5,17.5
"Tree_170",9.8,13.5,17.5
"Tree_170",7.9,14.5,17.5
"Tree_170",6.4,15.5,17.5
"Tree_170",0,17.5,17.5
"Tree_171",26.9,0.5,17.3
"Tree_171",26.2,1.3,17.3
"Tree_171",26,1.5,17.3
"Tree_171",24.5,2.5,17.3
"Tree_171",23.6,3.5,17.3
"Tree_171",22.1,4.5,17.3
"Tree_171",20.9,5.5,17.3
"Tree_171",19.2,6.5,17.3
"Tree_171",18,7.5,17.3
"Tree_171",16.7,8.5,17.3
"Tree_171",15,9.5,17.3
"Tree_171",13.9,10.5,17.3
"Tree_171",12.5,11.5,17.3
"Tree_171",11.2,12.5,17.3
"Tree_171",9.5,13.5,17.3
"Tree_171",8.3,14.5,17.3
"Tree_171",7.2,15.5,17.3
"Tree_171",0,17.3,17.3
"Tree_172",28.6,0.5,16.5
"Tree_172",28.4,1.3,16.5
"Tree_172",28.3,1.5,16.5
"Tree_172",27.2,2.5,16.5
"Tree_172",25.6,3.5,16.5
"Tree_172",23.8,4.5,16.5
"Tree_172",22.1,5.5,16.5
"Tree_172",20.9,6.5,16.5
"Tree_172",19.3,7.5,16.5
"Tree_172",17.7,8.5,16.5
"Tree_172",16.1,9.5,16.5
"Tree_172",14.4,10.5,16.5
"Tree_172",12.6,11.5,16.5
"Tree_172",11.6,12.5,16.5
"Tree_172",10.3,13.5,16.5
"Tree_172",0,16.5,16.5
"Tree_173",22.5,0.5,17.4
"Tree_173",22.2,1.3,17.4
"Tree_173",21.8,1.5,17.4
"Tree_173",20.8,2.5,17.4
"Tree_173",19.9,3.5,17.4
"Tree_173",18.2,4.5,17.4
"Tree_173",17,5.5,17.4
"Tree_173",16.5,6.5,17.4
"Tree_173",15.9,7.5,17.4
"Tree_173",14.8,8.5,17.4
"Tree_173",13.7,9.5,17.4
"Tree_173",12.7,10.5,17.4
"Tree_173",11.2,11.5,17.4
"Tree_173",10.4,12.5,17.4
"Tree_173",9,13.5,17.4
"Tree_173",7.5,14.5,17.4
"Tree_173",0,17.4,17.4
"Tree_174",23.2,0.5,16.8
"Tree_174",23,1.3,16.8
"Tree_174",22.8,1.5,16.8
"Tree_174",21.9,2.5,16.8
"Tree_174",20.1,3.5,16.8
"Tree_174",18.7,4.5,16.8
"Tree_174",17.5,5.5,16.8
"Tree_174",16.4,6.5,16.8
"Tree_174",15.2,7.5,16.8
"Tree_174",14,8.5,16.8
"Tree_174",12.8,9.5,16.8
"Tree_174",12,10.5,16.8
"Tree_174",11.4,11.5,16.8
"Tree_174",10.7,12.5,16.8
"Tree_174",9.1,13.5,16.8
"Tree_174",8,14.5,16.8
"Tree_174",6.8,15.5,16.8
"Tree_174",0,16.8,16.8
"Tree_175",15.1,0.5,12.7
"Tree_175",14.7,1.3,12.7
"Tree_175",14.3,1.5,12.7
"Tree_175",13.7,2.5,12.7
"Tree_175",12.3,3.5,12.7
"Tree_175",11,4.5,12.7
"Tree_175",10.4,5.5,12.7
"Tree_175",9.5,6.5,12.7
"Tree_175",8,7.5,12.7
"Tree_175",7.4,8.5,12.7
"Tree_175",6.8,9.5,12.7
"Tree_175",5.7,10.5,12.7
"Tree_175",0,12.7,12.7
"Tree_176",22.6,0.5,15.3
"Tree_176",22.2,1.3,15.3
"Tree_176",22,1.5,15.3
"Tree_176",20.9,2.5,15.3
"Tree_176",19.7,3.5,15.3
"Tree_176",18,4.5,15.3
"Tree_176",16.8,5.5,15.3
"Tree_176",16.1,6.5,15.3
"Tree_176",15.4,7.5,15.3
"Tree_176",14.1,8.5,15.3
"Tree_176",12.4,9.5,15.3
"Tree_176",11.2,10.5,15.3
"Tree_176",9.8,11.5,15.3
"Tree_176",0,15.3,15.3
"Tree_177",29,0.5,21.8
"Tree_177",28.7,1.3,21.8
"Tree_177",28.5,1.5,21.8
"Tree_177",27.3,2.5,21.8
"Tree_177",26.1,3.5,21.8
"Tree_177",25,4.5,21.8
"Tree_177",23.9,5.5,21.8
"Tree_177",22.8,6.5,21.8
"Tree_177",21.7,7.5,21.8
"Tree_177",19.9,8.5,21.8
"Tree_177",18.7,9.5,21.8
"Tree_177",18,10.5,21.8
"Tree_177",17.5,11.5,21.8
"Tree_177",16.8,12.5,21.8
"Tree_177",15.9,13.5,21.8
"Tree_177",14.9,14.5,21.8
"Tree_177",13,15.5,21.8
"Tree_177",11.3,16.5,21.8
"Tree_177",0,21.8,21.8
"Tree_178",29.6,0.5,19.9
"Tree_178",29.2,1.3,19.9
"Tree_178",29,1.5,19.9
"Tree_178",27.9,2.5,19.9
"Tree_178",25.8,3.5,19.9
"Tree_178",24.7,4.5,19.9
"Tree_178",23.6,5.5,19.9
"Tree_178",21.7,6.5,19.9
"Tree_178",20.8,7.5,19.9
"Tree_178",19.8,8.5,19.9
"Tree_178",18.9,9.5,19.9
"Tree_178",18.1,10.5,19.9
"Tree_178",17.2,11.5,19.9
"Tree_178",15.5,12.5,19.9
"Tree_178",14.7,13.5,19.9
"Tree_178",13.9,14.5,19.9
"Tree_178",12.2,15.5,19.9
"Tree_178",10.5,16.5,19.9
"Tree_178",0,19.9,19.9
"Tree_179",22.1,0.5,18.3
"Tree_179",21.9,1.3,18.3
"Tree_179",21.8,1.5,18.3
"Tree_179",20.8,2.5,18.3
"Tree_179",20,3.5,18.3
"Tree_179",19.5,4.5,18.3
"Tree_179",18.6,5.5,18.3
"Tree_179",17.5,6.5,18.3
"Tree_179",16.6,7.5,18.3
"Tree_179",15.7,8.5,18.3
"Tree_179",14.8,9.5,18.3
"Tree_179",13.9,10.5,18.3
"Tree_179",13.1,11.5,18.3
"Tree_179",12.2,12.5,18.3
"Tree_179",10.5,13.5,18.3
"Tree_179",9.6,14.5,18.3
"Tree_179",0,18.3,18.3
"Tree_180",23.8,0.5,19
"Tree_180",23.5,1.3,19
"Tree_180",23.2,1.5,19
"Tree_180",22.4,2.5,19
"Tree_180",21,3.5,19
"Tree_180",20.3,4.5,19
"Tree_180",19.2,5.5,19
"Tree_180",18,6.5,19
"Tree_180",17.3,7.5,19
"Tree_180",16.5,8.5,19
"Tree_180",15.6,9.5,19
"Tree_180",13.9,10.5,19
"Tree_180",12.1,11.5,19
"Tree_180",11.2,12.5,19
"Tree_180",10.4,13.5,19
"Tree_180",9.2,14.5,19
"Tree_180",0,19,19
"Tree_181",15.8,0.5,13.1
"Tree_181",15.4,1.3,13.1
"Tree_181",15,1.5,13.1
"Tree_181",13.6,2.5,13.1
"Tree_181",12.5,3.5,13.1
"Tree_181",11.6,4.5,13.1
"Tree_181",10.5,5.5,13.1
"Tree_181",9.7,6.5,13.1
"Tree_181",8.8,7.5,13.1
"Tree_181",0,13.1,13.1
"Tree_182",28.3,0.5,19.4
"Tree_182",28,1.3,19.4
"Tree_182",27.9,1.5,19.4
"Tree_182",27.5,2.5,19.4
"Tree_182",26.4,3.5,19.4
"Tree_182",25.3,4.5,19.4
"Tree_182",24.4,5.5,19.4
"Tree_182",23.6,6.5,19.4
"Tree_182",22.8,7.5,19.4
"Tree_182",22,8.5,19.4
"Tree_182",21.4,9.5,19.4
"Tree_182",20.8,10.5,19.4
"Tree_182",19.5,11.5,19.4
"Tree_182",18.1,12.5,19.4
"Tree_182",16.9,13.5,19.4
"Tree_182",15.5,14.5,19.4
"Tree_182",13.4,15.5,19.4
"Tree_182",11.3,16.5,19.4
"Tree_182",10,17.5,19.4
"Tree_182",8.5,18.5,19.4
"Tree_182",0,19.4,19.4
"Tree_183",27.4,0.5,17.9
"Tree_183",27.1,1.3,17.9
"Tree_183",26.8,1.5,17.9
"Tree_183",25.9,2.5,17.9
"Tree_183",24.6,3.5,17.9
"Tree_183",23.3,4.5,17.9
"Tree_183",22,5.5,17.9
"Tree_183",20.3,6.5,17.9
"Tree_183",19.6,7.5,17.9
"Tree_183",18.9,8.5,17.9
"Tree_183",17.9,9.5,17.9
"Tree_183",16.8,10.5,17.9
"Tree_183",15.9,11.5,17.9
"Tree_183",15,12.5,17.9
"Tree_183",13.1,13.5,17.9
"Tree_183",11.2,14.5,17.9
"Tree_183",0,17.9,17.9
"Tree_184",25,0.5,20.6
"Tree_184",24.5,1.3,20.6
"Tree_184",24.1,1.5,20.6
"Tree_184",22.6,2.5,20.6
"Tree_184",21.2,3.5,20.6
"Tree_184",20.3,4.5,20.6
"Tree_184",19.2,5.5,20.6
"Tree_184",17.4,6.5,20.6
"Tree_184",16.5,7.5,20.6
"Tree_184",15.8,8.5,20.6
"Tree_184",14.7,9.5,20.6
"Tree_184",13.9,10.5,20.6
"Tree_184",13,11.5,20.6
"Tree_184",12.3,12.5,20.6
"Tree_184",11.5,13.5,20.6
"Tree_184",10.7,14.5,20.6
"Tree_184",9.9,15.5,20.6
"Tree_184",8.7,16.5,20.6
"Tree_184",0,20.6,20.6
"Tree_185",26.2,0.5,19.4
"Tree_185",25,1.3,19.4
"Tree_185",24.9,1.5,19.4
"Tree_185",23.6,2.5,19.4
"Tree_185",22.5,3.5,19.4
"Tree_185",21.3,4.5,19.4
"Tree_185",20.6,5.5,19.4
"Tree_185",19.3,6.5,19.4
"Tree_185",18.4,7.5,19.4
"Tree_185",17.6,8.5,19.4
"Tree_185",16.8,9.5,19.4
"Tree_185",16,10.5,19.4
"Tree_185",15.3,11.5,19.4
"Tree_185",14.5,12.5,19.4
"Tree_185",13.9,13.5,19.4
"Tree_185",12.4,14.5,19.4
"Tree_185",10.9,15.5,19.4
"Tree_185",9.3,16.5,19.4
"Tree_185",8.4,17.5,19.4
"Tree_185",0,19.4,19.4
"Tree_186",25.8,0.5,21
"Tree_186",25.6,1.3,21
"Tree_186",25.5,1.5,21
"Tree_186",23.8,2.5,21
"Tree_186",22,3.5,21
"Tree_186",21.2,4.5,21
"Tree_186",20.4,5.5,21
"Tree_186",19.6,6.5,21
"Tree_186",18.9,7.5,21
"Tree_186",18.2,8.5,21
"Tree_186",17.5,9.5,21
"Tree_186",16.8,10.5,21
"Tree_186",16.2,11.5,21
"Tree_186",15.5,12.5,21
"Tree_186",14.8,13.5,21
"Tree_186",13.3,14.5,21
"Tree_186",11.5,15.5,21
"Tree_186",9.9,16.5,21
"Tree_186",0,21,21
"Tree_187",25.5,0.5,20.8
"Tree_187",25.2,1.3,20.8
"Tree_187",25.1,1.5,20.8
"Tree_187",24,2.5,20.8
"Tree_187",22.6,3.5,20.8
"Tree_187",22,4.5,20.8
"Tree_187",21.1,5.5,20.8
"Tree_187",20.3,6.5,20.8
"Tree_187",18.7,7.5,20.8
"Tree_187",18,8.5,20.8
"Tree_187",17.2,9.5,20.8
"Tree_187",16.5,10.5,20.8
"Tree_187",15.9,11.5,20.8
"Tree_187",15,12.5,20.8
"Tree_187",13.8,13.5,20.8
"Tree_187",12.4,14.5,20.8
"Tree_187",10.9,15.5,20.8
"Tree_187",9.5,16.5,20.8
"Tree_187",8.6,17.5,20.8
"Tree_187",0,20.8,20.8
"Tree_188",21.4,0.5,19.5
"Tree_188",20.3,1.3,19.5
"Tree_188",20.2,1.5,19.5
"Tree_188",19.1,2.5,19.5
"Tree_188",18,3.5,19.5
"Tree_188",16.9,4.5,19.5
"Tree_188",16,5.5,19.5
"Tree_188",15,6.5,19.5
"Tree_188",14.3,7.5,19.5
"Tree_188",14,8.5,19.5
"Tree_188",13.2,9.5,19.5
"Tree_188",12.7,10.5,19.5
"Tree_188",12,11.5,19.5
"Tree_188",11.7,12.5,19.5
"Tree_188",10.9,13.5,19.5
"Tree_188",10.1,14.5,19.5
"Tree_188",9.3,15.5,19.5
"Tree_188",0,19.5,19.5
"Tree_189",31.7,0.5,24.2
"Tree_189",30.8,1.3,24.2
"Tree_189",30.4,1.5,24.2
"Tree_189",30,2.5,24.2
"Tree_189",29.2,3.5,24.2
"Tree_189",28.6,4.5,24.2
"Tree_189",27.5,5.5,24.2
"Tree_189",26.3,6.5,24.2
"Tree_189",25.2,7.5,24.2
"Tree_189",24.8,8.5,24.2
"Tree_189",24,9.5,24.2
"Tree_189",23.2,10.5,24.2
"Tree_189",22.3,11.5,24.2
"Tree_189",21.4,12.5,24.2
"Tree_189",20.5,13.5,24.2
"Tree_189",19.6,14.5,24.2
"Tree_189",18.7,15.5,24.2
"Tree_189",17.5,16.5,24.2
"Tree_189",16.9,17.5,24.2
"Tree_189",15,18.5,24.2
"Tree_189",13.5,19.5,24.2
"Tree_189",11.1,20.5,24.2
"Tree_189",0,24.2,24.2
"Tree_190",25,0.5,23.4
"Tree_190",24.7,1.3,23.4
"Tree_190",24.5,1.5,23.4
"Tree_190",24,2.5,23.4
"Tree_190",23.4,3.5,23.4
"Tree_190",23.2,4.5,23.4
"Tree_190",23,5.5,23.4
"Tree_190",22.1,6.5,23.4
"Tree_190",21.5,7.5,23.4
"Tree_190",20.2,8.5,23.4
"Tree_190",19.3,9.5,23.4
"Tree_190",18.5,10.5,23.4
"Tree_190",17.7,11.5,23.4
"Tree_190",17.5,12.5,23.4
"Tree_190",17,13.5,23.4
"Tree_190",16.2,14.5,23.4
"Tree_190",15.4,15.5,23.4
"Tree_190",13.7,16.5,23.4
"Tree_190",12,17.5,23.4
"Tree_190",10.2,18.5,23.4
"Tree_190",0,23.4,23.4
"Tree_191",26.3,0.5,22
"Tree_191",25.2,1.3,22
"Tree_191",25,1.5,22
"Tree_191",23.1,2.5,22
"Tree_191",22,3.5,22
"Tree_191",20.3,4.5,22
"Tree_191",19.1,5.5,22
"Tree_191",18.3,6.5,22
"Tree_191",18,7.5,22
"Tree_191",17.4,8.5,22
"Tree_191",16.4,9.5,22
"Tree_191",15.7,10.5,22
"Tree_191",14.9,11.5,22
"Tree_191",14,12.5,22
"Tree_191",13.4,13.5,22
"Tree_191",12.6,14.5,22
"Tree_191",11.9,15.5,22
"Tree_191",11,16.5,22
"Tree_191",10.4,17.5,22
"Tree_191",9.6,18.5,22
"Tree_191",0,22,22
"Tree_192",27.2,0.5,22.6
"Tree_192",26.9,1.3,22.6
"Tree_192",26.5,1.5,22.6
"Tree_192",25.6,2.5,22.6
"Tree_192",24.7,3.5,22.6
"Tree_192",23.2,4.5,22.6
"Tree_192",22.5,5.5,22.6
"Tree_192",22,6.5,22.6
"Tree_192",21.2,7.5,22.6
"Tree_192",20.7,8.5,22.6
"Tree_192",20,9.5,22.6
"Tree_192",19.1,10.5,22.6
"Tree_192",18.2,11.5,22.6
"Tree_192",17.3,12.5,22.6
"Tree_192",16.5,13.5,22.6
"Tree_192",14.7,14.5,22.6
"Tree_192",12.9,15.5,22.6
"Tree_192",11,16.5,22.6
"Tree_192",9.5,17.5,22.6
"Tree_192",0,22.6,22.6
"Tree_193",21.4,0.5,21.8
"Tree_193",20.8,1.3,21.8
"Tree_193",20.6,1.5,21.8
"Tree_193",19.7,2.5,21.8
"Tree_193",18.8,3.5,21.8
"Tree_193",18,4.5,21.8
"Tree_193",17.5,5.5,21.8
"Tree_193",16.8,6.5,21.8
"Tree_193",16,7.5,21.8
"Tree_193",15.2,8.5,21.8
"Tree_193",14.6,9.5,21.8
"Tree_193",14,10.5,21.8
"Tree_193",13.7,11.5,21.8
"Tree_193",13.1,12.5,21.8
"Tree_193",12.3,13.5,21.8
"Tree_193",11.6,14.5,21.8
"Tree_193",10.9,15.5,21.8
"Tree_193",9.3,16.5,21.8
"Tree_193",0,21.8,21.8
"Tree_194",21.5,0.5,22.3
"Tree_194",21,1.3,22.3
"Tree_194",20.9,1.5,22.3
"Tree_194",19.3,2.5,22.3
"Tree_194",18.4,3.5,22.3
"Tree_194",17.5,4.5,22.3
"Tree_194",16.6,5.5,22.3
"Tree_194",15.8,6.5,22.3
"Tree_194",15.5,7.5,22.3
"Tree_194",15,8.5,22.3
"Tree_194",14.3,9.5,22.3
"Tree_194",13.6,10.5,22.3
"Tree_194",13,11.5,22.3
"Tree_194",12.4,12.5,22.3
"Tree_194",11.6,13.5,22.3
"Tree_194",11,14.5,22.3
"Tree_194",10.5,15.5,22.3
"Tree_194",9.6,16.5,22.3
"Tree_194",8.9,17.5,22.3
"Tree_194",0,22.3,22.3
"Tree_195",18.2,0.5,16.6
"Tree_195",17.5,1.3,16.6
"Tree_195",17,1.5,16.6
"Tree_195",15.9,2.5,16.6
"Tree_195",14.8,3.5,16.6
"Tree_195",13.7,4.5,16.6
"Tree_195",12.7,5.5,16.6
"Tree_195",11.5,6.5,16.6
"Tree_195",10.7,7.5,16.6
"Tree_195",9.8,8.5,16.6
"Tree_195",0,16.6,16.6
"Tree_196",16.9,0.5,16.3
"Tree_196",16.7,1.3,16.3
"Tree_196",16.7,1.5,16.3
"Tree_196",15.7,2.5,16.3
"Tree_196",14.8,3.5,16.3
"Tree_196",13.6,4.5,16.3
"Tree_196",12.1,5.5,16.3
"Tree_196",10.4,6.5,16.3
"Tree_196",9.5,7.5,16.3
"Tree_196",8.7,8.5,16.3
"Tree_196",0,16.3,16.3
"Tree_197",36,0.5,21.8
"Tree_197",34.8,1.3,21.8
"Tree_197",34.6,1.5,21.8
"Tree_197",32.7,2.5,21.8
"Tree_197",30.6,3.5,21.8
"Tree_197",29.5,4.5,21.8
"Tree_197",28.3,5.5,21.8
"Tree_197",26.7,6.5,21.8
"Tree_197",25.1,7.5,21.8
"Tree_197",24.3,8.5,21.8
"Tree_197",23.5,9.5,21.8
"Tree_197",22,10.5,21.8
"Tree_197",21.3,11.5,21.8
"Tree_197",19.8,12.5,21.8
"Tree_197",18.3,13.5,21.8
"Tree_197",16.8,14.5,21.8
"Tree_197",15.2,15.5,21.8
"Tree_197",14.5,16.5,21.8
"Tree_197",13,17.5,21.8
"Tree_197",11.2,18.5,21.8
"Tree_197",9.5,19.5,21.8
"Tree_197",0,21.8,21.8
"Tree_198",15.2,0.5,16.9
"Tree_198",14.7,1.3,16.9
"Tree_198",14.5,1.5,16.9
"Tree_198",13.8,2.5,16.9
"Tree_198",12.3,3.5,16.9
"Tree_198",10.7,4.5,16.9
"Tree_198",10,5.5,16.9
"Tree_198",9.5,6.5,16.9
"Tree_198",9.3,7.5,16.9
"Tree_198",8.6,8.5,16.9
"Tree_198",8,9.5,16.9
"Tree_198",7.3,10.5,16.9
"Tree_198",0,16.9,16.9
"Tree_199",21.8,0.5,18
"Tree_199",21.3,1.3,18
"Tree_199",20.9,1.5,18
"Tree_199",19.8,2.5,18
"Tree_199",19,3.5,18
"Tree_199",18.1,4.5,18
"Tree_199",16.6,5.5,18
"Tree_199",15.3,6.5,18
"Tree_199",13.9,7.5,18
"Tree_199",12.6,8.5,18
"Tree_199",11.3,9.5,18
"Tree_199",10.1,10.5,18
"Tree_199",9.4,11.5,18
"Tree_199",8.2,12.5,18
"Tree_199",7.6,13.5,18
"Tree_199",0,18,18
"Tree_200",35.4,0.5,19.7
"Tree_200",34.2,1.3,19.7
"Tree_200",34,1.5,19.7
"Tree_200",32.7,2.5,19.7
"Tree_200",31.3,3.5,19.7
"Tree_200",29.3,4.5,19.7
"Tree_200",28,5.5,19.7
"Tree_200",26.1,6.5,19.7
"Tree_200",25,7.5,19.7
"Tree_200",24.1,8.5,19.7
"Tree_200",22.3,9.5,19.7
"Tree_200",21.4,10.5,19.7
"Tree_200",19.7,11.5,19.7
"Tree_200",18,12.5,19.7
"Tree_200",16.3,13.5,19.7
"Tree_200",14.6,14.5,19.7
"Tree_200",13,15.5,19.7
"Tree_200",11.3,16.5,19.7
"Tree_200",9.6,17.5,19.7
"Tree_200",0,19.7,19.7
"Tree_201",21.6,0.5,20.5
"Tree_201",21,1.3,20.5
"Tree_201",20.8,1.5,20.5
"Tree_201",20.1,2.5,20.5
"Tree_201",19,3.5,20.5
"Tree_201",17.9,4.5,20.5
"Tree_201",17,5.5,20.5
"Tree_201",16.2,6.5,20.5
"Tree_201",15.1,7.5,20.5
"Tree_201",14.7,8.5,20.5
"Tree_201",14.2,9.5,20.5
"Tree_201",13.4,10.5,20.5
"Tree_201",12.6,11.5,20.5
"Tree_201",11.9,12.5,20.5
"Tree_201",11.1,13.5,20.5
"Tree_201",10.4,14.5,20.5
"Tree_201",8.8,15.5,20.5
"Tree_201",0,20.5,20.5
"Tree_202",29.9,0.5,20.6
"Tree_202",28.9,1.3,20.6
"Tree_202",28.7,1.5,20.6
"Tree_202",27.6,2.5,20.6
"Tree_202",25.7,3.5,20.6
"Tree_202",24.7,4.5,20.6
"Tree_202",23.1,5.5,20.6
"Tree_202",21.5,6.5,20.6
"Tree_202",20.8,7.5,20.6
"Tree_202",20.1,8.5,20.6
"Tree_202",19.5,9.5,20.6
"Tree_202",18.2,10.5,20.6
"Tree_202",17.7,11.5,20.6
"Tree_202",16.5,12.5,20.6
"Tree_202",15.2,13.5,20.6
"Tree_202",14,14.5,20.6
"Tree_202",12.8,15.5,20.6
"Tree_202",11,16.5,20.6
"Tree_202",9.5,17.5,20.6
"Tree_202",8,18.5,20.6
"Tree_202",0,20.6,20.6
"Tree_203",25.2,0.5,19.2
"Tree_203",24.8,1.3,19.2
"Tree_203",24.7,1.5,19.2
"Tree_203",23.6,2.5,19.2
"Tree_203",22.6,3.5,19.2
"Tree_203",21.5,4.5,19.2
"Tree_203",21,5.5,19.2
"Tree_203",20.4,6.5,19.2
"Tree_203",19.6,7.5,19.2
"Tree_203",18.8,8.5,19.2
"Tree_203",18.1,9.5,19.2
"Tree_203",16.7,10.5,19.2
"Tree_203",16,11.5,19.2
"Tree_203",15.4,12.5,19.2
"Tree_203",14.8,13.5,19.2
"Tree_203",13.4,14.5,19.2
"Tree_203",12,15.5,19.2
"Tree_203",10.6,16.5,19.2
"Tree_203",0,19.2,19.2
"Tree_204",25.7,0.5,16.4
"Tree_204",25.2,1.3,16.4
"Tree_204",24.8,1.5,16.4
"Tree_204",23.3,2.5,16.4
"Tree_204",21.5,3.5,16.4
"Tree_204",19.4,4.5,16.4
"Tree_204",17.6,5.5,16.4
"Tree_204",15.7,6.5,16.4
"Tree_204",14.3,7.5,16.4
"Tree_204",13,8.5,16.4
"Tree_204",11.3,9.5,16.4
"Tree_204",9.6,10.5,16.4
"Tree_204",8.8,11.5,16.4
"Tree_204",0,16.4,16.4
"Tree_205",26,0.5,21
"Tree_205",25.7,1.3,21
"Tree_205",25.6,1.5,21
"Tree_205",25.4,2.5,21
"Tree_205",24.3,3.5,21
"Tree_205",22.4,4.5,21
"Tree_205",21.4,5.5,21
"Tree_205",20.5,6.5,21
"Tree_205",19.6,7.5,21
"Tree_205",18.7,8.5,21
"Tree_205",17.9,9.5,21
"Tree_205",17.1,10.5,21
"Tree_205",16.5,11.5,21
"Tree_205",15.8,12.5,21
"Tree_205",15,13.5,21
"Tree_205",13.4,14.5,21
"Tree_205",11.8,15.5,21
"Tree_205",10.2,16.5,21
"Tree_205",9.4,17.5,21
"Tree_205",0,21,21
"Tree_206",27.6,0.5,20.3
"Tree_206",26.4,1.3,20.3
"Tree_206",26,1.5,20.3
"Tree_206",24.4,2.5,20.3
"Tree_206",22.6,3.5,20.3
"Tree_206",20.8,4.5,20.3
"Tree_206",19.1,5.5,20.3
"Tree_206",17.4,6.5,20.3
"Tree_206",15.8,7.5,20.3
"Tree_206",14.2,8.5,20.3
"Tree_206",13.4,9.5,20.3
"Tree_206",12.7,10.5,20.3
"Tree_206",12,11.5,20.3
"Tree_206",11.3,12.5,20.3
"Tree_206",9.7,13.5,20.3
"Tree_206",8.9,14.5,20.3
"Tree_206",0,20.3,20.3
"Tree_207",26.4,0.5,21.3
"Tree_207",26.1,1.3,21.3
"Tree_207",26,1.5,21.3
"Tree_207",24.2,2.5,21.3
"Tree_207",22.4,3.5,21.3
"Tree_207",20.6,4.5,21.3
"Tree_207",19,5.5,21.3
"Tree_207",18.2,6.5,21.3
"Tree_207",17.4,7.5,21.3
"Tree_207",15.9,8.5,21.3
"Tree_207",14.5,9.5,21.3
"Tree_207",13.9,10.5,21.3
"Tree_207",13.2,11.5,21.3
"Tree_207",12.5,12.5,21.3
"Tree_207",11.9,13.5,21.3
"Tree_207",10.6,14.5,21.3
"Tree_207",9.9,15.5,21.3
"Tree_207",8.5,16.5,21.3
"Tree_207",0,21.3,21.3
"Tree_208",22.8,0.5,20.6
"Tree_208",22.5,1.3,20.6
"Tree_208",22.4,1.5,20.6
"Tree_208",21.4,2.5,20.6
"Tree_208",19.6,3.5,20.6
"Tree_208",17.9,4.5,20.6
"Tree_208",16.3,5.5,20.6
"Tree_208",15.5,6.5,20.6
"Tree_208",14.7,7.5,20.6
"Tree_208",14,8.5,20.6
"Tree_208",13.2,9.5,20.6
"Tree_208",12.6,10.5,20.6
"Tree_208",11.9,11.5,20.6
"Tree_208",11.2,12.5,20.6
"Tree_208",10.6,13.5,20.6
"Tree_208",9.2,14.5,20.6
"Tree_208",8.5,15.5,20.6
"Tree_208",0,20.6,20.6
